{
    "command1": {
        "name": "add-autoline",
        "description": "Add autoline channel",
        "price": 5,
        "type": "Autoline",
        "prefix": true,
        "slash": true,
        "prefix_fileName": "add-channel",
        "slash_fileName": "add-channel",
        "prefix_commandName": "add-autoline",
        "slash_commandName": "add-autoline"
    },
    "command2": {
        "name": "remove-autoline",
        "description": "Remove autoline channel",
        "price": 3,
        "type": "Autoline",
        "prefix": true,
        "slash": true,
        "prefix_fileName": "remove-channel",
        "slash_fileName": "remove-channel",
        "prefix_commandName": "remove-autoline",
        "slash_commandName": "remove-autoline"
    },
    "command3": {
        "name": "line",
        "description": "Send your server's line",
        "price": 2,
        "type": "Autoline",
        "prefix": true,
        "slash": false,
        "prefix_fileName": "line",
        "slash_fileName": "",
        "prefix_commandName": "line",
        "slash_commandName": ""
    },
    "command4": {
        "name": "set-line",
        "description": "Set/Change your server's line image",
        "price": 0,
        "type": "Autoline",
        "prefix": true,
        "slash": true,
        "prefix_fileName": "set-line",
        "slash_fileName": "set-line",
        "prefix_commandName": "set-line",
        "slash_commandName": "set-line"
    },
    "command64": {
        "name": "autoline-mode",
        "description": "Change autoline mode",
        "price": 0,
        "type": "Autoline",
        "prefix": false,
        "slash": true,
        "prefix_fileName": "mode",
        "slash_fileName": "mode",
        "prefix_commandName": "autoline-mode",
        "slash_commandName": "autoline-mode"
    },

    "command5": {
        "name": "add-suggestion",
        "description": "Add new channel to suggestion system",
        "price": 5,
        "type": "Suggestion",
        "prefix": true,
        "slash": true,
        "prefix_fileName": "add-channel",
        "slash_fileName": "add-channel",
        "prefix_commandName": "add-suggestion",
        "slash_commandName": "add-suggestion"
    },
    "command6": {
        "name": "remove-suggestion",
        "description": "Remove new channel to suggestion system",
        "price": 3,
        "type": "Suggestion",
        "prefix": true,
        "slash": true,
        "prefix_fileName": "remove-channel",
        "slash_fileName": "remove-channel",
        "prefix_commandName": "remove-suggestion",
        "slash_commandName": "remove-suggestion"
    },
    "command7": {
        "name": "set-suggestionline",
        "description": "Set/Remove suggestion's line image",
        "price": 2,
        "type": "Suggestion",
        "prefix": true,
        "slash": true,
        "prefix_fileName": "set-line",
        "slash_fileName": "set-line",
        "prefix_commandName": "set-suggestionline",
        "slash_commandName": "set-suggestionline"
    },
    "command8": {
    },
    "command9": {
    },


    "command10": {
        "name": "add-tax",
        "description": "Add new channel to tax system",
        "price": 5,
        "type": "Tax",
        "prefix": true,
        "slash": true,
        "prefix_fileName": "add-channel",
        "slash_fileName": "add-channel",
        "prefix_commandName": "add-tax",
        "slash_commandName": "add-tax"
    },
    "command11": {
        "name": "remove-tax",
        "description": "Remove channel from tax system",
        "price": 3,
        "type": "Tax",
        "prefix": true,
        "slash": true,
        "prefix_fileName": "remove-channel",
        "slash_fileName": "remove-channel",
        "prefix_commandName": "remove-tax",
        "slash_commandName": "remove-tax"
    },
    "command12": {
        "name": "set-taxline",
        "description": "Set/Remove tax's line image",
        "price": 2,
        "type": "Tax",
        "prefix": true,
        "slash": true,
        "prefix_fileName": "set-line",
        "slash_fileName": "set-line",
        "prefix_commandName": "set-taxline",
        "slash_commandName": "set-taxline"
    },
    "command13": {
        "name": "tax",
        "description": "Get the tax",
        "price": 1,
        "type": "Tax",
        "prefix": true,
        "slash": true,
        "prefix_fileName": "tax",
        "slash_fileName": "tax",
        "prefix_commandName": "tax",
        "slash_commandName": "tax"
    },


    "command14": {
        "name": "add-feedback",
        "description": "Add new channel to feedback system",
        "price": 5,
        "type": "Feedback",
        "prefix": true,
        "slash": true,
        "prefix_fileName": "add-channel",
        "slash_fileName": "add-channel",
        "prefix_commandName": "add-feedback",
        "slash_commandName": "add-feedback"
    },
    "command15": {
        "name": "remove-feedback",
        "description": "Remove channel from feedback system",
        "price": 3,
        "type": "Feedback",
        "prefix": true,
        "slash": true,
        "prefix_fileName": "remove-channel",
        "slash_fileName": "remove-channel",
        "prefix_commandName": "remove-feedback",
        "slash_commandName": "remove-feedback"
    },
    "command16": {
        "name": "set-feedbackline",
        "description": "Set/Remove feedback's line image",
        "price": 2,
        "type": "Feedback",
        "prefix": true,
        "slash": true,
        "prefix_fileName": "set-line",
        "slash_fileName": "set-line",
        "prefix_commandName": "set-feedbackline",
        "slash_commandName": "set-feedbackline"
    },
    "command17": {
        "name": "set-feedbackemoji",
        "description": "Change feedback's emoji",
        "price": 2,
        "type": "Feedback",
        "prefix": true,
        "slash": true,
        "prefix_fileName": "set-emoji",
        "slash_fileName": "set-emoji",
        "prefix_commandName": "set-feedbackemoji",
        "slash_commandName": "set-feedbackemoji"
    },


    "command18": {
        "name": "gstart",
        "description": "Create new giveaway",
        "price": 5,
        "type": "Giveaway",
        "prefix": true,
        "slash": true,
        "prefix_fileName": "gstart",
        "slash_fileName": "gstart",
        "prefix_commandName": "gstart",
        "slash_commandName": "gstart"
    },
    "command19": {
        "name": "greroll",
        "description": "Reroll new winners for giveaway",
        "price": 3,
        "type": "Giveaway",
        "prefix": true,
        "slash": true,
        "prefix_fileName": "greroll",
        "slash_fileName": "greroll",
        "prefix_commandName": "greroll",
        "slash_commandName": "greroll"
    },
    "command20": {
        "name": "gend",
        "description": "Ends running giveaway",
        "price": 2,
        "type": "Giveaway",
        "prefix": true,
        "slash": true,
        "prefix_fileName": "gend",
        "slash_fileName": "gend",
        "prefix_commandName": "gend",
        "slash_commandName": "gend"
    },


    "command21": {
        "name": "log-setup",
        "description": "Setup logging event",
        "price": 10,
        "type": "Log",
        "prefix": true,
        "slash": true,
        "prefix_fileName": "setup",
        "slash_fileName": "setup",
        "prefix_commandName": "log-setup",
        "slash_commandName": "log-setup"
    },



    "command22": {
        "name": "add-whitelist",
        "description": "Add user to action bypass",
        "price": 5,
        "type": "Protection",
        "prefix": true,
        "slash": true,
        "prefix_fileName": "add-whitelist",
        "slash_fileName": "add-whitelist",
        "prefix_commandName": "add-whitelist",
        "slash_commandName": "add-whitelist"
    },
    "command23": {
        "name": "remove-whitelist",
        "description": "Remove user from action bypass",
        "price": 3,
        "type": "Protection",
        "prefix": true,
        "slash": true,
        "prefix_fileName": "remove-whitelist",
        "slash_fileName": "remove-whitelist",
        "prefix_commandName": "remove-whitelist",
        "slash_commandName": "remove-whitelist"
    },
    "command24": {
        "name": "anti-bots",
        "description": "Enable/Disable bots join protection",
        "price": 2,
        "type": "Protection",
        "prefix": true,
        "slash": true,
        "prefix_fileName": "anti-bots",
        "slash_fileName": "anti-bots",
        "prefix_commandName": "anti-bots",
        "slash_commandName": "anti-bots"
    },
    "command25": {
        "name": "actions-limit",
        "description": "Put limit for action",
        "price": 0,
        "type": "Protection",
        "prefix": true,
        "slash": true,
        "prefix_fileName": "limit",
        "slash_fileName": "limit",
        "prefix_commandName": "actions-limit",
        "slash_commandName": "actions-limit"
    },
    "command26": {
        "name": "set-automode",
        "description": "Determine the anti-overflow actions",
        "price": 0,
        "type": "Protection",
        "prefix": true,
        "slash": true,
        "prefix_fileName": "set-automode",
        "slash_fileName": "set-automode",
        "prefix_commandName": "set-automode",
        "slash_commandName": "set-automode"
    },
    "command27": {
        "name": "set-log",
        "description": "Set/Change protection logging channel",
        "price": 1,
        "type": "Protection",
        "prefix": true,
        "slash": true,
        "prefix_fileName": "set-log",
        "slash_fileName": "set-log",
        "prefix_commandName": "set-log",
        "slash_commandName": "set-log"
    },

    "command28": {
        "name": "selfrole-setup",
        "description": "Setup new selfrole system",
        "price": 5,
        "type": "Selfrole",
        "prefix": true,
        "slash": true,
        "prefix_fileName": "setup",
        "slash_fileName": "setup",
        "prefix_commandName": "selfrole-setup",
        "slash_commandName": "selfrole-setup"
    },
    "command29": {
        "name": "selfrole-manage",
        "description": "Manage selfrole panel",
        "price": 3,
        "type": "Selfrole",
        "prefix": false,
        "slash": true,
        "prefix_fileName": "manage",
        "slash_fileName": "manage",
        "prefix_commandName": "selfrole-manage",
        "slash_commandName": "selfrole-manage"
    },

    "command30": {
        "name": "ticket-setup",
        "description": "Setup new ticket system",
        "price": 5,
        "type": "Ticket",
        "prefix": false,
        "slash": true,
        "prefix_fileName": "ticket-setup",
        "slash_fileName": "setup",
        "prefix_commandName": "",
        "slash_commandName": "ticket-setup"
    },
    "command31": {
        "name": "ticket-manage",
        "description": "Manage ticket panel",
        "price": 7,
        "type": "Ticket",
        "prefix": false,
        "slash": true,
        "prefix_fileName": "ticket-manage",
        "slash_fileName": "manage",
        "prefix_commandName": "",
        "slash_commandName": "ticket-manage"
    },
    "command32": {
        "name": "transcript-setup",
        "description": "Set/Change transcript channel",
        "price": 0,
        "type": "Ticket",
        "prefix": false,
        "slash": true,
        "prefix_fileName": "transcript-setup",
        "slash_fileName": "set-transcript",
        "prefix_commandName": "",
        "slash_commandName": "transcript-setup"
    },
    "command33": {
        "name": "add",
        "description": "Add member to ticket",
        "price": 1,
        "type": "Ticket",
        "prefix": true,
        "slash": true,
        "prefix_fileName": "add",
        "slash_fileName": "add",
        "prefix_commandName": "add",
        "slash_commandName": "add"
    },
    "command34": {
        "name": "remove",
        "description": "Remove member from ticket",
        "price": 1,
        "type": "Ticket",
        "prefix": true,
        "slash": true,
        "prefix_fileName": "remove",
        "slash_fileName": "remove",
        "prefix_commandName": "remove",
        "slash_commandName": "remove"
    },
    "command35": {
        "name": "rename",
        "description": "Rename the ticket channel",
        "price": 1,
        "type": "Ticket",
        "prefix": true,
        "slash": true,
        "prefix_fileName": "rename",
        "slash_fileName": "rename",
        "prefix_commandName": "rename",
        "slash_commandName": "rename"
    },

    "command36": {
        "name": "ban",
        "description": "Bans a member",
        "price": 1,
        "type": "System",
        "prefix": true,
        "slash": true,
        "prefix_fileName": "ban",
        "slash_fileName": "ban",
        "prefix_commandName": "ban",
        "slash_commandName": "ban"
    },
    "command37": {
        "name": "clear",
        "description": "Cleans messages from a channel",
        "price": 1,
        "type": "System",
        "prefix": true,
        "slash": true,
        "prefix_fileName": "clear",
        "slash_fileName": "clear",
        "prefix_commandName": "clear",
        "slash_commandName": "clear"
    },
    "command38": {
        "name": "kick",
        "description": "Kicks a member",
        "price": 1,
        "type": "System",
        "prefix": true,
        "slash": true,
        "prefix_fileName": "kick",
        "slash_fileName": "kick",
        "prefix_commandName": "kick",
        "slash_commandName": "kick"
    },
    "command39": {
        "name": "lock",
        "description": "Disables @everyone from sending messages in specific channel",
        "price": 1,
        "type": "System",
        "prefix": true,
        "slash": true,
        "prefix_fileName": "lock",
        "slash_fileName": "lock",
        "prefix_commandName": "lock",
        "slash_commandName": "lock"
    },
    "command40": {
        "name": "mute",
        "description": "Mute a member from text/voice channels so they cannot type",
        "price": 1,
        "type": "System",
        "prefix": true,
        "slash": true,
        "prefix_fileName": "mute",
        "slash_fileName": "mute",
        "prefix_commandName": "mute",
        "slash_commandName": "mute"
    },
    "command41": {
        "name": "role",
        "description": "Add/remove a role(s) for a user",
        "price": 1,
        "type": "System",
        "prefix": true,
        "slash": true,
        "prefix_fileName": "role",
        "slash_fileName": "role",
        "prefix_commandName": "role",
        "slash_commandName": "role"
    },
    "command42": {
        "name": "timeout",
        "description": "Timeout a user from sending messages, react or join voice channels",
        "price": 1,
        "type": "System",
        "prefix": true,
        "slash": true,
        "prefix_fileName": "timeout",
        "slash_fileName": "timeout",
        "prefix_commandName": "timeout",
        "slash_commandName": "timeout"
    },
    "command43": {
        "name": "unban",
        "description": "Unbans a member",
        "price": 1,
        "type": "System",
        "prefix": true,
        "slash": true,
        "prefix_fileName": "unban",
        "slash_fileName": "unban",
        "prefix_commandName": "unban",
        "slash_commandName": "unban"
    },
    "command44": {
        "name": "unlock",
        "description": "Allows @everyone to send messages in specific channel",
        "price": 1,
        "type": "System",
        "prefix": true,
        "slash": true,
        "prefix_fileName": "unlock",
        "slash_fileName": "unlock",
        "prefix_commandName": "unlock",
        "slash_commandName": "unlock"
    },
    "command45": {
        "name": "unmute",
        "description": "Unmutes a member",
        "price": 1,
        "type": "System",
        "prefix": true,
        "slash": true,
        "prefix_fileName": "unmute",
        "slash_fileName": "unmute",
        "prefix_commandName": "unmute",
        "slash_commandName": "unmute"
    },
    "command46": {
        "name": "untimeout",
        "description": "Remove timeout from a user",
        "price": 1,
        "type": "System",
        "prefix": true,
        "slash": true,
        "prefix_fileName": "untimeout",
        "slash_fileName": "untimeout",
        "prefix_commandName": "untimeout",
        "slash_commandName": "untimeout"
    },
    "command58": {
        "name": "hide",
        "description": "isables @everyone from viewing specific channel",
        "price": 1,
        "type": "System",
        "prefix": true,
        "slash": true,
        "prefix_fileName": "hide",
        "slash_fileName": "hide",
        "prefix_commandName": "hide",
        "slash_commandName": "hide"
    },
    "command59": {
        "name": "unhide",
        "description": "Allows @everyone to view specific channel",
        "price": 1,
        "type": "System",
        "prefix": true,
        "slash": true,
        "prefix_fileName": "show",
        "slash_fileName": "show",
        "prefix_commandName": "unhide",
        "slash_commandName": "unhide"
    },
    "command47": {
        "name": "role-multiple",
        "description": "Add/remove multiple role(s)",
        "price": 1,
        "type": "System",
        "prefix": false,
        "slash": true,
        "prefix_fileName": "",
        "slash_fileName": "mutli-role",
        "prefix_commandName": "",
        "slash_commandName": "role-multiple"
    },
    "command60": {
        "name": "say",
        "description": "Send a specific message to a specific channel",
        "price": 1,
        "type": "System",
        "prefix": true,
        "slash": true,
        "prefix_fileName": "say",
        "slash_fileName": "say",
        "prefix_commandName": "say",
        "slash_commandName": "say"
    },
    "command61": {
        "name": "embed",
        "description": "Send a specific embed message to a specific channel",
        "price": 1,
        "type": "System",
        "prefix": true,
        "slash": true,
        "prefix_fileName": "embed",
        "slash_fileName": "embed",
        "prefix_commandName": "embed",
        "slash_commandName": "embed"
    },
    "command62": {
        "name": "send",
        "description": "Send a specific message to a specific member",
        "price": 1,
        "type": "System",
        "prefix": true,
        "slash": true,
        "prefix_fileName": "send",
        "slash_fileName": "send",
        "prefix_commandName": "send",
        "slash_commandName": "send"
    },
    "command63": {
        "name": "come",
        "description": "request someone to come to the channel",
        "price": 1,
        "type": "System",
        "prefix": true,
        "slash": true,
        "prefix_fileName": "come",
        "slash_fileName": "come",
        "prefix_commandName": "come",
        "slash_commandName": "come"
    },
    "command53": {
        "name": "avatar",
        "description": "Display your avatar or someone else's avatar",
        "price": 1,
        "type": "General",
        "prefix": true,
        "slash": true,
        "prefix_fileName": "avatar",
        "slash_fileName": "avatar",
        "prefix_commandName": "avatar",
        "slash_commandName": "avatar"
    },
    "command54": {
        "name": "banner",
        "description": "Display your banner or someone else's avatar",
        "price": 1,
        "type": "General",
        "prefix": true,
        "slash": true,
        "prefix_fileName": "banner",
        "slash_fileName": "banner",
        "prefix_commandName": "banner",
        "slash_commandName": "banner"
    },
    "command55": {
        "name": "roles",
        "description": "Get a list of server roles",
        "price": 1,
        "type": "General",
        "prefix": true,
        "slash": true,
        "prefix_fileName": "roles",
        "slash_fileName": "roles",
        "prefix_commandName": "roles",
        "slash_commandName": "roles"
    },
    "command56": {
        "name": "server",
        "description": "Display information about the server",
        "price": 1,
        "type": "General",
        "prefix": true,
        "slash": true,
        "prefix_fileName": "server",
        "slash_fileName": "server",
        "prefix_commandName": "server",
        "slash_commandName": "server"
    },
    "command57": {
        "name": "user",
        "description": "Display information about the user",
        "price": 1,
        "type": "General",
        "prefix": true,
        "slash": true,
        "prefix_fileName": "user",
        "slash_fileName": "user",
        "prefix_commandName": "user",
        "slash_commandName": "user"
    },

    "command48": {
        "name": "new-application",
        "description": "Create new apply application",
        "price": 5,
        "type": "Apply",
        "prefix": true,
        "slash": true,
        "prefix_fileName": "new-application",
        "slash_fileName": "new-application",
        "prefix_commandName": "new-application",
        "slash_commandName": "new-application"
    },
    "command49": {
        "name": "set-results",
        "description": "Set applie's results channel",
        "price": 1,
        "type": "Apply",
        "prefix": true,
        "slash": true,
        "prefix_fileName": "results-channel",
        "slash_fileName": "results-channel",
        "prefix_commandName": "set-results",
        "slash_commandName": "set-results"
    },
    "command50": {
        "name": "apply-admin",
        "description": "Set pecific role of submissions admin",
        "price": 1,
        "type": "Apply",
        "prefix": true,
        "slash": true,
        "prefix_fileName": "set-admin",
        "slash_fileName": "set-admin",
        "prefix_commandName": "apply-admin",
        "slash_commandName": "apply-admin"
    },
    "command51": {
        "name": "apply-status",
        "description": "Enable/Disable apps from the application",
        "price": 1,
        "type": "Apply",
        "prefix": true,
        "slash": true,
        "prefix_fileName": "status",
        "slash_fileName": "status",
        "prefix_commandName": "apply-status",
        "slash_commandName": "apply-status"
    },
    "command52": {
        "name": "dm-mode",
        "description": "Set DM messages mode on apply accept or reject",
        "price": 2,
        "type": "Apply",
        "prefix": true,
        "slash": true,
        "prefix_fileName": "dm-mode",
        "slash_fileName": "dm-mode",
        "prefix_commandName": "dm-mode",
        "slash_commandName": "dm-mode"
    },
    "command53": {

        "name": "add-product",

        "description": "Add products",

        "price": 2,

        "type": "Shop",

        "prefix": true,

        "slash": true,

        "prefix_fileName": "add-product",

        "slash_fileName": "add-product",

        "prefix_commandName": "add-product",

        "slash_commandName": "add-product"

    },
    "command54": {

        "name": "show-products",

        "description": "View Products",

        "price": 2,

        "type": "Shop",

        "prefix": true,

        "slash": true,

        "prefix_fileName": "show-products",

        "slash_fileName": "show-products",

        "prefix_commandName": "show-products",

        "slash_commandName": "show-products"

    },
    "command100": {

        "name": "add-stock",

        "description": "Add stock",

        "price": 2,

        "type": "Shop",

        "prefix": true,

        "slash": true,

        "prefix_fileName": "add-stock",

        "slash_fileName": "add-stock",

        "prefix_commandName": "add-stock",

        "slash_commandName": "add-stock"

    },
"command101": {

        "name": "setup",

        "description": "System installation",

        "price": 2,

        "type": "Shop",

        "prefix": true,

        "slash": true,

        "prefix_fileName": "setup",

        "slash_fileName": "setup",

        "prefix_commandName": "setup",

        "slash_commandName": "setup"

    },
    "command102": {

        "name": "buy",

        "description": "Buy Products",

        "price": 2,

        "type": "Shop",

        "prefix": true,

        "slash": true,

        "prefix_fileName": "buy",

        "slash_fileName": "buy",

        "prefix_commandName": "buy",

        "slash_commandName": "buy"

    },
    "command103": {

        "name": "manage-products",

        "description": "Edit Products",

        "price": 2,

        "type": "Shop",

        "prefix": true,

        "slash": true,

        "prefix_fileName": "manage-products",

        "slash_fileName": "manage-products",

        "prefix_commandName": "manage-products",

        "slash_commandName": "manage-products"

    },
    "command104": {

        "name": "give",

        "description": "Giving products",

        "price": 2,

        "type": "Shop",

        "prefix": true,

        "slash": true,

        "prefix_fileName": "give",

        "slash_fileName": "give",

        "prefix_commandName": "give",

        "slash_commandName": "give"

    },
    "command105": {

        "name": "transfer-credit",

        "description": "transfer-credit",

        "price": 2,

        "type": "Credit",

        "prefix": true,

        "slash": true,

        "prefix_fileName": "transfer-credit",

        "slash_fileName": "transfer-credit",

        "prefix_commandName": "transfer-credit",

        "slash_commandName": "transfer-credit"

    },
    "command106": {

        "name": "balance",

        "description": "balance",

        "price": 2,

        "type": "Credit",

        "prefix": true,

        "slash": true,

        "prefix_fileName": "balance",

        "slash_fileName": "balance",

        "prefix_commandName": "balance",

        "slash_commandName": "balance"

    },
    "command107": {

        "name": "add-credit",

        "description": "add-credit",

        "price": 2,

        "type": "Credit",

        "prefix": true,

        "slash": true,

        "prefix_fileName": "add-credit",

        "slash_fileName": "add-credit",

        "prefix_commandName": "add-credit",

        "slash_commandName": "add-credit"

    },
    "command108": {
        "name": "remove-credit",
        "description": "remove-credit",
        "price": 2,
        "type": "Credit",
        "prefix": true,
        "slash": true,
        "prefix_fileName": "remove-credit",
        "slash_fileName": "remove-credit",
        "prefix_commandName": "remove-credit",
        "slash_commandName": "remove-credit"
    },
     "command170": {

        "name": "الامر",

        "description": "الامر",

        "price": 2,

        "type": "Credit",

        "prefix": true,

        "slash": true,

        "prefix_fileName": "الامر",

        "slash_fileName": "الامر",

        "prefix_commandName": "الامر",

        "slash_commandName": "الامر"

    },
    "config": [
        {
            "name": "",
            "description": "",
            "price": 0,
            "type": "Config",
            "prefix": true,
            "slash": true,
            "prefix_fileName": "time",
            "slash_fileName": "time",
            "prefix_commandName": "time",
            "slash_commandName": "time"
        },
        {
            "name": "",
            "description": "",
            "price": 0,
            "type": "Config",
            "prefix": true,
            "slash": false,
            "prefix_fileName": "help",
            "slash_fileName": "",
            "prefix_commandName": "help",
            "slash_commandName": ""
        },
        {
            "name": "",
            "description": "",
            "price": 0,
            "type": "Config",
            "prefix": true,
            "slash": true,
            "prefix_fileName": "set-prefix",
            "slash_fileName": "set-prefix",
            "prefix_commandName": "set-prefix",
            "slash_commandName": "set-prefix"
        },
        {
            "name": "",
            "description": "",
            "price": 0,
            "type": "Config",
            "prefix": true,
            "slash": true,
            "prefix_fileName": "set-owner",
            "slash_fileName": "set-owner",
            "prefix_commandName": "set-owner",
            "slash_commandName": "set-owner"
        },
        {
            "name": "",
            "description": "",
            "price": 0,
            "type": "Config",
            "prefix": true,
            "slash": true,
            "prefix_fileName": "change-name",
            "slash_fileName": "change-name",
            "prefix_commandName": "change-name",
            "slash_commandName": "change-name"
        },
        {
            "name": "",
            "description": "",
            "price": 0,
            "type": "Config",
            "prefix": true,
            "slash": true,
            "prefix_fileName": "change-avatar",
            "slash_fileName": "change-avatar",
            "prefix_commandName": "change-avatar",
            "slash_commandName": "change-avatar"
        },
        {
            "name": "",
            "description": "",
            "price": 0,
            "type": "Config",
            "prefix": true,
            "slash": true,
            "prefix_fileName": "change-status",
            "slash_fileName": "change-status",
            "prefix_commandName": "change-status",
            "slash_commandName": "change-status"
        }
    ],

    "Autoline": [
        "command1",
        "command2",
        "command3",
        "command4",
        "command64"
    ],

    "Suggestion": [
        "command5",
        "command6",
        "command7"
    ],

    "Tax": [
        "command10",
        "command11",
        "command12",
        "command13"
    ],

    "Feedback": [
        "command14",
        "command15",
        "command16",
        "command17"
    ],

    "Giveaway": [
        "command18",
        "command19",
        "command20"
    ],

    "Log": [
        "command21"
    ],
    "Protection": [
        "command22",
        "command23",
        "command24",
        "command25",
        "command26",
        "command27"
    ],
    "Selfrole": [
        "command28",
        "command29"
    ],
    "Ticket": [
        "command30",
        "command31",
        "command32",
        "command33",
        "command34",
        "command35"
    ],
    "System": [
        "command36",
        "command37",
        "command38",
        "command39",
        "command40",
        "command41",
        "command42",
        "command43",
        "command44",
        "command45",
        "command46",
        "command47",
        "command53",
        "command54",
        "command55",
        "command56",
        "command57",
        "command58",
        "command59",
        "command60",
        "command61",
        "command62",
        "command63"
    ],
    "Apply": [
        "command48",
        "command49",
        "command50",
        "command51",
        "command52"
    ],
    "Shop": [
        "command53",
        "command54",
        "command100",
        "command101",
        "command102",
        "command103",
        "command104"
    ],
    "Credit": [
        "command105",
        "command106",
        "command107",
        "command108"
    ],
    "اسم ملف بوت": [
        "command170",
        "",
        "",
    ]
    "commandPackage": [
        "command1",
        "command2",
        "command3",
        "command4",
        "command5",
        "command6",
        "command7",
        "command10",
        "command11",
        "command12",
        "command13",
        "command14",
        "command15",
        "command16",
        "command17",
        "command18",
        "command19",
        "command20",
        "command21",
        "command22",
        "command23",
        "command24",
        "command25",
        "command26",
        "command27",
        "command28",
        "command29",
        "command30",
        "command31",
        "command32",
        "command33",
        "command34",
        "command35",
        "command36",
        "command37",
        "command38",
        "command39",
        "command40",
        "command41",
        "command42",
        "command43",
        "command44",
        "command45",
        "command46",
        "command47",
        "command53",
        "command54",
        "command55",
        "command56",
        "command57",
        "command58",
        "command59",
        "command60",
        "command61",
        "command62",
        "command63",
        "command48",
        "command49",
        "command50",
        "command51",
        "command52"
    ]
}