{
    "Products_1296792541114662933": [
        {
            "name": "nitro",
            "price": 300,
            "stock": []
        },
        {
            "name": "visa",
            "price": 5000000,
            "stock": []
        },
        {
            "name": "nitro3m",
            "price": 10000000,
            "stock": [
                "https://promos.discord.gg/GuHJ88Funr3hRPsUW4gAxUq6"
            ]
        }
    ],
    "paymentData": {
        "probot_1296792541114662933": "282859044593598464",
        "recipient_1296792541114662933": "1146394131875233985"
    }
}