{
    "1236675489381355522": {
        "access_token": "5np1OQLy2tNXbADgKRWA6DcG6kLZTA",
        "id": "1236675489381355522"
    },
    "827481339535818753": {
        "access_token": "nJ1bRCDgkgfOaYwZTK64OFOQisdpEo",
        "id": "827481339535818753"
    },
    "1114243341681438852": {
        "access_token": "91Q5hUlF4KFYIytLSEJIgF1GrFfN0D",
        "id": "1114243341681438852"
    },
    "1101109843407945798": {
        "access_token": "LpAW0ltIJMElTAOmSpKoOqwmvd09Nx",
        "id": "1101109843407945798"
    },
    "994241377196056649": {
        "access_token": "vBZLoFfKivua09Bw8qxSKaSH6hgCFW",
        "id": "994241377196056649"
    },
    "1195211224439324735": {
        "access_token": "ljMin6QlBbyBCQGVyv8PawvS83GukN",
        "id": "1195211224439324735"
    },
    "885541246083407873": {
        "access_token": "dj4LoVyVVu2GJ7TSk6dL8xtXvrvZ2I",
        "id": "885541246083407873"
    },
    "971578895117721640": {
        "access_token": "CbVm8geO1UhbjbWnUnT9gaF8KSfumx",
        "id": "971578895117721640"
    },
    "1067852354159902720": {
        "access_token": "0aEVYIDV1XcDDyvOaN6wI9Q7v2bOCk",
        "id": "1067852354159902720"
    },
    "1100227007268274316": {
        "access_token": "209Yyhngl5LkrPnAsaDHnKwXvRZMFA",
        "id": "1100227007268274316"
    },
    "1250502249415839785": {
        "access_token": "skk2OCb0xciWzaziL59iUFWAEIqxWW",
        "id": "1250502249415839785"
    },
    "566604399523266580": {
        "access_token": "9D8jnnABk1RoNiTvr1FMDEdnCMQV3O",
        "id": "566604399523266580"
    },
    "1199776728449556683": {
        "access_token": "JrKsEOpEMM33TdLuXTrkZQaXt0S2dt",
        "id": "1199776728449556683"
    },
    "1197311654103351357": {
        "access_token": "JKmQ27TyfG7rmokTgK309BfQzlMmZF",
        "id": "1197311654103351357"
    },
    "1112717594441560094": {
        "access_token": "FF85IY4fz9DT6fFeOY4nRqissG6Uen",
        "id": "1112717594441560094"
    },
    "1162550480598212830": {
        "access_token": "PFShhNfhkmpHdQOANdbqsNXWLzmPLF",
        "id": "1162550480598212830"
    },
    "1186735909375332376": {
        "access_token": "4xjEtqFga39674OPX01nb7eotrrykv",
        "id": "1186735909375332376"
    },
    "1043221621986574346": {
        "access_token": "uRC3gLCeKMA8pBHo6iRgAOfsYgSDmx",
        "id": "1043221621986574346"
    },
    "1272615512215519252": {
        "access_token": "kxJhqiF09DIz83V63Qre9p1bfD46ql",
        "id": "1272615512215519252"
    },
    "874242221711450172": {
        "access_token": "m6fHn4gWFTu6vDAgj0OdCLYqIpPzE5",
        "id": "874242221711450172"
    },
    "1233433974009757706": {
        "access_token": "zq5ev1qeMw7TiOxq7doQYQ2X7eou5Z",
        "id": "1233433974009757706"
    },
    "1154754868930695309": {
        "access_token": "ahsFYwFxaafhvoxbt34Y1chcrnkSl0",
        "id": "1154754868930695309"
    },
    "557696183884054538": {
        "access_token": "qBI77kmr7DYBNq5WAoncM6RdekzKmM",
        "id": "557696183884054538"
    },
    "990574966699335731": {
        "access_token": "hAj0mA5udbPPGyEQjxBE6b13G9fjRu",
        "id": "990574966699335731"
    },
    "936220537540214794": {
        "access_token": "iMSPJoLHlTSkpnXuQqfgBGEUGxU2bv",
        "id": "936220537540214794"
    },
    "523265384074444802": {
        "access_token": "dV3BCjth0LGMfzoqUXJOB5d8QXKpsH",
        "id": "523265384074444802"
    },
    "788487545997623296": {
        "access_token": "0P6p3a21PaDgHZpJByKSYGreFKQmZj",
        "id": "788487545997623296"
    },
    "1277346920892731392": {
        "access_token": "jyIx8ATJS03EB3pUDrW7LByhnnUktl",
        "id": "1277346920892731392"
    },
    "710693073834999809": {
        "access_token": "XwmLVVL1sc4oFyIVJ39wKYUSJnrLqw",
        "id": "710693073834999809"
    },
    "1210147940643905547": {
        "access_token": "BRQeRJ1IOlAb5ASDAnj7RB9Y9cy3Ig",
        "id": "1210147940643905547"
    },
    "1091865985906118719": {
        "access_token": "qUoMVn6U7VUYAa0TqFLGPANVV0onYG",
        "id": "1091865985906118719"
    },
    "800347918070579257": {
        "access_token": "MuJLlbRI3xVmFjIuPaxAVYdwlf9q7M",
        "id": "800347918070579257"
    },
    "1251968403984351322": {
        "access_token": "LGsqUDyYm5vDrZZ6ERxjxQhyaxN00K",
        "id": "1251968403984351322"
    },
    "1131948710843133992": {
        "access_token": "p4x7BrsUn78Tar6srnq005rTPqm7oY",
        "id": "1131948710843133992"
    },
    "1012177371786391633": {
        "access_token": "TUDERHv6kyosa9at7FA8Ve8dfm5TIG",
        "id": "1012177371786391633"
    },
    "1017792068422226001": {
        "access_token": "0Cd2X6G2o3jGR83eTtPvDn86jPD5Ar",
        "id": "1017792068422226001"
    },
    "1064128078990811146": {
        "access_token": "IFw8t8hWgxMQ1wIlmYh0AQ9rKxqTTI",
        "id": "1064128078990811146"
    },
    "1270552633832116286": {
        "access_token": "KD4bNQzol1NTVis4zR1yorMdhvqaSv",
        "id": "1270552633832116286"
    },
    "1076765288923664404": {
        "access_token": "BFuqreAlTxVkyaU93faMjp0FyiPDT2",
        "id": "1076765288923664404"
    },
    "1185927985124102195": {
        "access_token": "YH5ALpz20nke98uQJq0aFJjpwMtN6t",
        "id": "1185927985124102195"
    },
    "1110779809266667570": {
        "access_token": "OhhIAztTft0p351Z3i92tknqc5Ha1m",
        "id": "1110779809266667570"
    },
    "1145430529387278443": {
        "access_token": "WYsigQXZRzVFlPPjn9xf7941lBymob",
        "id": "1145430529387278443"
    },
    "939287775893676133": {
        "access_token": "quFS911Hhkzc1aW1NsrU8ij4DIqqd6",
        "id": "939287775893676133"
    },
    "1264363536885354517": {
        "access_token": "upw6rLJ4rUE3Lpl4kie8p8q38YZAVf",
        "id": "1264363536885354517"
    },
    "1188561532750143519": {
        "access_token": "YPukYmfmvGFmje3R6AK4x5iK2GW1YM",
        "id": "1188561532750143519"
    },
    "1200787596805152860": {
        "access_token": "Yt19wT51KShCkuJJyHlKfRoWNnSgCr",
        "id": "1200787596805152860"
    },
    "760809069605814284": {
        "access_token": "KpCjU8mduOiZWNBhuGY5Jhjidh839G",
        "id": "760809069605814284"
    },
    "470835548219506698": {
        "access_token": "U5y6NaQmzyD5uNPVI3NnFk246rwg3P",
        "id": "470835548219506698"
    },
    "750282237118906369": {
        "access_token": "jCIRnDrnu6YK4tpPRVACS8BBaFN4NB",
        "id": "750282237118906369"
    },
    "1203000112637550593": {
        "access_token": "3gQCVbvZiBRxHoS2lcWSk3Y5S9wVNm",
        "id": "1203000112637550593"
    },
    "1244358987047239793": {
        "access_token": "f4CSLfxBqJDcq0CPKmftzoPisGUoaG",
        "id": "1244358987047239793"
    },
    "283574597654151168": {
        "access_token": "u5TpJedQ08kCiwsXen4XMgk6juzdhS",
        "id": "283574597654151168"
    },
    "1083390794473410681": {
        "access_token": "1uYNRkjCer2BRpu5TmK5oJwzIIonvZ",
        "id": "1083390794473410681"
    },
    "1261851653930483713": {
        "access_token": "OoYBYqr0OZkbUDkVYqnqGV9D2iWbpO",
        "id": "1261851653930483713"
    },
    "816387528998780978": {
        "access_token": "v4Z9FqG3TJKdZApbsdMsLXtI80KKaa",
        "id": "816387528998780978"
    },
    "1018245870610812990": {
        "access_token": "wEsinD9ib07uZJkFclcCvBDQLgUYT2",
        "id": "1018245870610812990"
    },
    "1257753939953320028": {
        "access_token": "TLZqUNazt6r6nnTPwHOcN3YOHhhNb5",
        "id": "1257753939953320028"
    },
    "743829293586579508": {
        "access_token": "U8iIfXwOViQiIRQl7sjPpvOatRaSnx",
        "id": "743829293586579508"
    },
    "1113411963213578270": {
        "access_token": "Yo44RtZGLxak2f0ehfLdIJGn7xQ6JS",
        "id": "1113411963213578270"
    },
    "1275616129175519232": {
        "access_token": "8Ot9Mdb7jxUDHfulgbiDHmVNoqiASw",
        "id": "1275616129175519232"
    },
    "972469015731650591": {
        "access_token": "P1nHDLvYs0F7KtT2QNtGUXyaw5ulml",
        "id": "972469015731650591"
    },
    "1166771158637608972": {
        "access_token": "OwIi1ikz2CTpf8iPDCA6RFRwKDIzA5",
        "id": "1166771158637608972"
    },
    "1201821546608332810": {
        "access_token": "pwOIr0gFyMHqRf7edgyfZyxEw1BRhO",
        "id": "1201821546608332810"
    },
    "1270195010133954595": {
        "access_token": "5kOikZyhDFIsY2Pbm6IVxX7wawFwSm",
        "id": "1270195010133954595"
    },
    "697117268408271029": {
        "access_token": "pK30TLBz0S9QBvijKO8sJSzMHyUK86",
        "id": "697117268408271029"
    },
    "1018566001274654821": {
        "access_token": "E5ZxylGpLrlkuzHjxRNAhVeDjeYQP6",
        "id": "1018566001274654821"
    },
    "779034600415428608": {
        "access_token": "MAqRkmuwUtRcOqSKpOG7Q5KCX76QHy",
        "id": "779034600415428608"
    },
    "845950633533636628": {
        "access_token": "ipUKbD3dLxswxZsL9rMyphT97eqrm2",
        "id": "845950633533636628"
    },
    "1233153078601973780": {
        "access_token": "mDySE8ZWvgb3jPDGXpdKzHQKImOdAZ",
        "id": "1233153078601973780"
    },
    "499998988460621825": {
        "access_token": "IuU3Q2jWYlW1aOD2m8wQD67F5O1PnJ",
        "id": "499998988460621825"
    },
    "332607030634217482": {
        "access_token": "qq7G9QdFIbb804L5RoVn19n237prR5",
        "id": "332607030634217482"
    },
    "1243990490601361544": {
        "access_token": "oXL50q1B6UHxsXQ7qIBHVxbGx542rl",
        "id": "1243990490601361544"
    },
    "1011852021080531054": {
        "access_token": "VzuAB0lGKc0Qf4uta4I2z5wuEzNCHt",
        "id": "1011852021080531054"
    },
    "713361932601524256": {
        "access_token": "hYjp7tku8BWHijakZBMcEl02d8epPx",
        "id": "713361932601524256"
    },
    "1040030130837401640": {
        "access_token": "sO3p3WAmkjzzVXjsSBwBhLDMfMjA7E",
        "id": "1040030130837401640"
    },
    "910228253816533012": {
        "access_token": "1qsDYd53u9YAwDTkrKmLopsqJ2O6vp",
        "id": "910228253816533012"
    },
    "1028635256057774210": {
        "access_token": "Cpxp23AVNNUDi74J2WFCI7J8XbRIz8",
        "id": "1028635256057774210"
    },
    "751534551645290586": {
        "access_token": "rKLBHs4i0XiRwP197JfHTVSa9UnU3W",
        "id": "751534551645290586"
    },
    "730964747251482624": {
        "access_token": "JNuJ1bQNiy2sKD2LYnGIhGjjEbVDX8",
        "id": "730964747251482624"
    },
    "834016499870072843": {
        "access_token": "fQM8u74VaZ6xULGY3KrmsTdYZqBCgk",
        "id": "834016499870072843"
    },
    "1130899454086610995": {
        "access_token": "IKpa42LHQmFmvVec15NDNSuhpqteal",
        "id": "1130899454086610995"
    },
    "930924322023940137": {
        "access_token": "0nfX5IhUv5bmOjBBfxCd9Mc1r7ooac",
        "id": "930924322023940137"
    },
    "1276404685376454711": {
        "access_token": "6GnpUTn1p9XMuyTXI2JcNGmsTKXdSW",
        "id": "1276404685376454711"
    },
    "1080136269188833361": {
        "access_token": "bhzCJFKTERE8KXwqeZOnNZoU2Cg92G",
        "id": "1080136269188833361"
    },
    "1197455833831850039": {
        "access_token": "RKippb3r39Br3bnaXdL4YwfYR0aGvd",
        "id": "1197455833831850039"
    },
    "626786569721872406": {
        "access_token": "8FYb8XI0YaLIPnBE1vGbsah2WnlcIm",
        "id": "626786569721872406"
    },
    "719821750342254632": {
        "access_token": "dP59hCTAFWnPeXJ6zGnYLYrDTY6Rfa",
        "id": "719821750342254632"
    },
    "454993648585539595": {
        "access_token": "0do3J8ohhImEiCMzkJ6Xcb6PdAwqyv",
        "id": "454993648585539595"
    },
    "1088642299069743165": {
        "access_token": "X2HbCZ5QJaL5aanZdXPnUcnGWCEKD8",
        "id": "1088642299069743165"
    },
    "741561342988910692": {
        "access_token": "A1MPT3rcdCvCgZTizH0HOiMTE5e93D",
        "id": "741561342988910692"
    },
    "1208028525970329611": {
        "access_token": "ktF55oNXqSFZlt2gK4oh6AkVIENcuJ",
        "id": "1208028525970329611"
    },
    "795743533730365523": {
        "access_token": "11SkKs80aQkhf3vGnPtSateDzNl95Y",
        "id": "795743533730365523"
    },
    "1245368177433514023": {
        "access_token": "yWS3Mg5b5Qn3hxQ5nj2UbyeOWra4QG",
        "id": "1245368177433514023"
    },
    "1214951133122928733": {
        "access_token": "jPFU7unUm6BadoN5Ki8pmujS0AdXvQ",
        "id": "1214951133122928733"
    },
    "1107394776053071962": {
        "access_token": "59HZtyiUYLhey3aeKvTVkzlYDVfJSh",
        "id": "1107394776053071962"
    },
    "1229256337930588290": {
        "access_token": "PbSBxMD3o4imiSxcw7sUPZuRCObDNN",
        "id": "1229256337930588290"
    },
    "931011044598489108": {
        "access_token": "YjNaRguxAnHJ6A2mjP9gei6zkVKoT0",
        "id": "931011044598489108"
    },
    "1178010618821890180": {
        "access_token": "mgcRBOwjWQsp6bXHlOjuLZMJuz1tTe",
        "id": "1178010618821890180"
    },
    "1258950398451126342": {
        "access_token": "9Bq4Qq9UrjKSqMkQBeo6SL641dELwr",
        "id": "1258950398451126342"
    },
    "1224444756398968944": {
        "access_token": "rXoMa6F3OAV6xOh61RLBa7BUz5dswk",
        "id": "1224444756398968944"
    },
    "825702251715756032": {
        "access_token": "MrwPWXtTzJStxIweybKwd1nql9jz7Q",
        "id": "825702251715756032"
    },
    "1263912333353160838": {
        "access_token": "8AypuG2SGdLgp4wviJfQIx9OsegCk2",
        "id": "1263912333353160838"
    },
    "1045922056425979924": {
        "access_token": "6wv4r3G9aoboyR3qjv1klspHK2csYc",
        "id": "1045922056425979924"
    },
    "579443800838111232": {
        "access_token": "a1fBredJzIeSb4DnI7Uuecz80y8eFe",
        "id": "579443800838111232"
    },
    "1137378893993627668": {
        "access_token": "k0rCBFU8VNoKBfEmres6VmvJqOXceV",
        "id": "1137378893993627668"
    },
    "957769311664111657": {
        "access_token": "8a6fWo6QJJcYGgDV61kP0uaCTiGfNj",
        "id": "957769311664111657"
    },
    "1139213576687583413": {
        "access_token": "KEXAQDsParfRNWU41H25WMc4tuMCeU",
        "id": "1139213576687583413"
    },
    "1060079732634439710": {
        "access_token": "MxcUYMPVdh8Tcwhonw2qQw83FIvjpY",
        "id": "1060079732634439710"
    },
    "1215911190148939820": {
        "access_token": "2Vx02FxsnOV8crvwQdMl4iJpcqyTHa",
        "id": "1215911190148939820"
    },
    "1242525153926058015": {
        "access_token": "pC1LX4ftFcCJnXJmvBUOiizGvaya5d",
        "id": "1242525153926058015"
    },
    "731057331240173609": {
        "access_token": "670SyDBUuqJgckhyd9gzs3MHuWlamz",
        "id": "731057331240173609"
    },
    "1161933984163450980": {
        "access_token": "jrTll65gbC6Zg2kyL2Bar1hDxGKgzw",
        "id": "1161933984163450980"
    },
    "1201215119472984205": {
        "access_token": "shz19uTDjDaOSgHLRnwA1QK20It3Ci",
        "id": "1201215119472984205"
    },
    "139116428828737536": {
        "access_token": "CvhqyYkRvffBaK2PUDvoKiYOPddFy8",
        "id": "139116428828737536"
    },
    "666079130533756945": {
        "access_token": "GhFoRWJddH6BPdgl9KO2ICrRMfa56l",
        "id": "666079130533756945"
    },
    "1143599681734193182": {
        "access_token": "tsLA40zssWeJ6DUGoJ97tyVmnc1Fox",
        "id": "1143599681734193182"
    },
    "1139222193612542062": {
        "access_token": "VoBnKdGYySWHo9QHg1PR3mBwFpdthO",
        "id": "1139222193612542062"
    },
    "1251695964641824801": {
        "access_token": "fpaCGcjBaMFNbsv7465DtRroH4ci1d",
        "id": "1251695964641824801"
    },
    "1214606660652367902": {
        "access_token": "GS7d7a6kn6ebAYQjVi5hylphRmH3z2",
        "id": "1214606660652367902"
    },
    "1088981206877618246": {
        "access_token": "Q6w34OpjKsHhnIiK5Zu7ND9MAPYfhm",
        "id": "1088981206877618246"
    },
    "374176606379442176": {
        "access_token": "aQoXY3IljTsPAAyYF4FdmicpUgpKN6",
        "id": "374176606379442176"
    },
    "1214948483371376761": {
        "access_token": "w8WepotHROfB63gwjz1FSkmeG0hOVW",
        "id": "1214948483371376761"
    },
    "1155150154039570514": {
        "access_token": "l9lLXMe3zusrfz1mjDqXOZgOdzjDKy",
        "id": "1155150154039570514"
    },
    "1253461532646576203": {
        "access_token": "h3KKE6cat4zH6loZPTb8APXNppdYMW",
        "id": "1253461532646576203"
    },
    "1156886446242791475": {
        "access_token": "uBP23O89mhp1oxSxHYAxEFzoZbYiCK",
        "id": "1156886446242791475"
    },
    "1113879419417804860": {
        "access_token": "S4ZTTKzMzyCGPjuEADZTsKOPdxf5Kd",
        "id": "1113879419417804860"
    },
    "325229532896296961": {
        "access_token": "LkdtBD1djmFtyYt4cXm2Dt5pvvuDyB",
        "id": "325229532896296961"
    },
    "851571709558784031": {
        "access_token": "aSoVKUrfZT9giqfLeAGQMae9iGbzrk",
        "id": "851571709558784031"
    },
    "538789895481589798": {
        "access_token": "bqYIGkTeLYH00ZnOPPupzAeavq0lcW",
        "id": "538789895481589798"
    },
    "772736041979215883": {
        "access_token": "7MX48l8QXSkYoap1Q4Fb2CNTkSRSA7",
        "id": "772736041979215883"
    },
    "948842028215722037": {
        "access_token": "vfajsUV4LVsHZPjm64ttcAYawJbWiG",
        "id": "948842028215722037"
    },
    "1114227585191264297": {
        "access_token": "oxu12FKGcRgDICyGYNAIKO43SylBMM",
        "id": "1114227585191264297"
    },
    "1273757166863515759": {
        "access_token": "FXyABjW0EcFg4jx2FUMGlYpXO1OjEN",
        "id": "1273757166863515759"
    },
    "1091698468235522109": {
        "access_token": "UtyOkkyOSJBPKk61Rd8rjcdiRIyy02",
        "id": "1091698468235522109"
    },
    "835916525327220746": {
        "access_token": "eFyk8WcpVQuWtubCp6K1eRHcM7TTjo",
        "id": "835916525327220746"
    },
    "1290797372686991553": {
        "access_token": "f3Jdg5ZyDPeF85cD8yR7FWmxkKK3rG",
        "id": "1290797372686991553"
    },
    "459639783728218127": {
        "access_token": "Fq7hVInZVfuBvyrYZrfMpuw20qyDPV",
        "id": "459639783728218127"
    },
    "1139098189748768818": {
        "access_token": "ULPaRKOSTA0kR2UaWViodTToEzDCJ4",
        "id": "1139098189748768818"
    },
    "1023316955073106090": {
        "access_token": "Fn0MItWvqDzv41JFonlbpEBIJi8pfR",
        "id": "1023316955073106090"
    },
    "1213843003760840809": {
        "access_token": "nekXhTzZ5W6UVqkavQNMYyagL9rwUx",
        "id": "1213843003760840809"
    },
    "1247954017859014719": {
        "access_token": "8mhIBd4kTVQPPDcm3P6mKsgrLBYev4",
        "id": "1247954017859014719"
    },
    "996842819803164702": {
        "access_token": "Rvp5kRrxS3BFe0yHTEI6URDY5wEfc9",
        "id": "996842819803164702"
    },
    "1184010877159100447": {
        "access_token": "BAMgQFTLsl1PNkrwFODwC6jZWUQmY0",
        "id": "1184010877159100447"
    },
    "1186725312147501086": {
        "access_token": "RrPxwcQSYZQKPnRxzPGIDaqGLjo1nU",
        "id": "1186725312147501086"
    },
    "1138524772590948362": {
        "access_token": "yYLjcXQZzBnseZhrDjq7yEsy1gbQHy",
        "id": "1138524772590948362"
    },
    "1106875649785860206": {
        "access_token": "i9du6dz8lwtHmdpCMDgC8fZRh4DVpe",
        "id": "1106875649785860206"
    },
    "1100531990370979920": {
        "access_token": "dswFT9kCKTF4pvLLFzXWA1SGFa2oZh",
        "id": "1100531990370979920"
    },
    "1049122098393653369": {
        "access_token": "XbtJ0ASeH6Mnni4PHDlH8WnrRM3Dsh",
        "id": "1049122098393653369"
    },
    "305132238733967376": {
        "access_token": "FRM7fpjJRvKpOqbxNIXNGWML5yOPne",
        "id": "305132238733967376"
    },
    "929894988521812049": {
        "access_token": "FsyeXmnN0kKpBztt7hIELZ3iDbcoR4",
        "id": "929894988521812049"
    },
    "943174512608964769": {
        "access_token": "SC5wmyqJQhqFhrGCkfm4PSjZt5wVgg",
        "id": "943174512608964769"
    },
    "1275613277224964166": {
        "access_token": "xMnsap7MrBfw5k0a8cD3DpMr7JZhin",
        "id": "1275613277224964166"
    },
    "1238459725717176392": {
        "access_token": "X4eBihOYR59vG31DgTZLOZjymjZEHW",
        "id": "1238459725717176392"
    },
    "1140944827064778762": {
        "access_token": "oroRdTQBGFh9Kl0f1Ev1H1G2kMoy2e",
        "id": "1140944827064778762"
    },
    "644589930428760074": {
        "access_token": "ZHEVj4Bgt8wZLQctY4w6DCoNsnxjsL",
        "id": "644589930428760074"
    },
    "1244429073753571362": {
        "access_token": "3JNAD2KQM6CN7N2P2rEnb8OympAmFM",
        "id": "1244429073753571362"
    },
    "1264172298340925493": {
        "access_token": "kJRdmyUgzNLjdloqlycZV9cvMwRG7B",
        "id": "1264172298340925493"
    },
    "1057021481403555951": {
        "access_token": "TrzhY3t3dCx3NUNFxihELyRywSHAwu",
        "id": "1057021481403555951"
    },
    "1253052418829058081": {
        "access_token": "5oTRBtdpRVaFLas2qbB9jYtmGeIAqh",
        "id": "1253052418829058081"
    },
    "926991090865803307": {
        "access_token": "PS7geOXWPPWcZJ3PtpYbUP2bnhFWTu",
        "id": "926991090865803307"
    },
    "885262405632917504": {
        "access_token": "hYEDUtbbgk6x6j7l7wVPSuS6OdpOix",
        "id": "885262405632917504"
    },
    "1055762629802598460": {
        "access_token": "7a5i0DIxAMdZmNRIE2iMZPdy40YCN1",
        "id": "1055762629802598460"
    },
    "1193223888159641702": {
        "access_token": "zyhQospy1leDmC6neWmxNPN2MqJmw7",
        "id": "1193223888159641702"
    },
    "1187838834541613232": {
        "access_token": "1s32BxBN5w23RHcGelemb2kGQJAitC",
        "id": "1187838834541613232"
    },
    "1095969881805041736": {
        "access_token": "ZGK2qvV9u8iKZMUpi8VcpDMaH70Phl",
        "id": "1095969881805041736"
    },
    "989339810827206686": {
        "access_token": "WyMQs3ZCF8rT3qn1Ao02jXsExLylKt",
        "id": "989339810827206686"
    },
    "1151447038362390619": {
        "access_token": "MMRixqKgCTP5qQdbTXx9ENVt2v1Zq3",
        "id": "1151447038362390619"
    },
    "618474747826798593": {
        "access_token": "PZbzLHzWtUxvEe0SsVzYVVN8jNLmKL",
        "id": "618474747826798593"
    },
    "1245064791651913851": {
        "access_token": "PZ6kDcal6vA9AJcfjLVZeuq2aqBtqV",
        "id": "1245064791651913851"
    },
    "759862174704992279": {
        "access_token": "Sz7Niuv6akuBjEYR7keMxnWoVn0M1J",
        "id": "759862174704992279"
    },
    "1066752349676253184": {
        "access_token": "d4L5J1jgppSyWS6Y5vnWw0Busy4I7a",
        "id": "1066752349676253184"
    },
    "1146702237947674695": {
        "access_token": "ZP4KoDi3QiQJN3KLZ6QqOy8Q6LLNZk",
        "id": "1146702237947674695"
    },
    "685180594648645651": {
        "access_token": "cGKtz34bQFUhtXrnwjpIVRli9Ycheu",
        "id": "685180594648645651"
    },
    "788955145974448128": {
        "access_token": "iUnJHKuxRsGJt35KIhXsC8sa8NGZAk",
        "id": "788955145974448128"
    },
    "1063137249849520128": {
        "access_token": "TPLk02Ggfo3H959dSw9Dhb0YDdf4BX",
        "id": "1063137249849520128"
    },
    "1255028171380752422": {
        "access_token": "rMC94f4RH4IGug0Nmc3xHNmCw2RDaR",
        "id": "1255028171380752422"
    },
    "1048950225437462611": {
        "access_token": "GIio1wGuwiHWklGlf0eBP6MoYAuqKO",
        "id": "1048950225437462611"
    },
    "1102674771696685217": {
        "access_token": "eYjtO9cT1jSW8MG6QLBEvxcCuQo5kJ",
        "id": "1102674771696685217"
    },
    "365983591752269824": {
        "access_token": "OLyS4g7nlfaXEvFY8lx8i3On4uXyDg",
        "id": "365983591752269824"
    },
    "1140985226038878272": {
        "access_token": "CzQ0BfjOUN3qQEEx2t9rNS0hWc98Kq",
        "id": "1140985226038878272"
    },
    "812256969720332288": {
        "access_token": "qqVkcKzGsRw8nDchHTKAzFIVpnBood",
        "id": "812256969720332288"
    },
    "569893348014555149": {
        "access_token": "olxUZsmMI94VxbK2PJB84PaVWboVnb",
        "id": "569893348014555149"
    },
    "1255986683011272816": {
        "access_token": "rdjTtbzR581EfZfXZhYJxFQ6fw0tdH",
        "id": "1255986683011272816"
    },
    "704467522933620783": {
        "access_token": "18fqOpRodJu0AytUhNKbsbGhlZtSXK",
        "id": "704467522933620783"
    },
    "1303054116767006781": {
        "access_token": "DkPTPcep3pp5rXd14peR6UDQ3VR1M6",
        "id": "1303054116767006781"
    },
    "1240371575048638475": {
        "access_token": "oynPj0Kfl9IFvTB71gK1vO1lJII7wD",
        "id": "1240371575048638475"
    },
    "984888306674319431": {
        "access_token": "nhjy4EFsGEYs3a6QUOx8L5WXGtVwio",
        "id": "984888306674319431"
    },
    "1255250358826176565": {
        "access_token": "OuvNSo9dnaap31ucFN7UZ5G0XIEJQI",
        "id": "1255250358826176565"
    },
    "1148630682508206162": {
        "access_token": "HpGoQEWeKcNMlPurDTtSgbYtkk7Dt6",
        "id": "1148630682508206162"
    },
    "1025841946322800701": {
        "access_token": "d8E7r3Y4TNmxrqYtjfyttPYdL5uJiD",
        "id": "1025841946322800701"
    },
    "1199365873140498535": {
        "access_token": "k73XMiZdGv8FKeENeM4bAZTOb5EyoH",
        "id": "1199365873140498535"
    },
    "1277617475277553679": {
        "access_token": "QJ34NhX2X7bfiLqgw904Cxowd3i6Tk",
        "id": "1277617475277553679"
    },
    "1283964429066698774": {
        "access_token": "ydZbkG0XiPHe7XVBLuFtk7dGuk7QR1",
        "id": "1283964429066698774"
    },
    "766667777557004308": {
        "access_token": "dzy4l6azOqAoettscHLPaUsnmASMGw",
        "id": "766667777557004308"
    },
    "857684915822657598": {
        "access_token": "fSMshzcwou1LaX7hZyqRFSKLnvxztM",
        "id": "857684915822657598"
    },
    "671502076332867584": {
        "access_token": "cPp9PDAK6b31Db85Uxj0Q7IOJ3lgGp",
        "id": "671502076332867584"
    },
    "1154821929912512673": {
        "access_token": "RpbZ4pWt9NBbTTXtUM85fEtL27k7Dl",
        "id": "1154821929912512673"
    },
    "550372403109429248": {
        "access_token": "8Uau8vKJrGjmomg5KbSrQgIRXFzNXK",
        "id": "550372403109429248"
    }
}