{
    "products": [
        {
            "id": "product1",
            "title": "1",
            "name": "1",
            "description": "غير متوفر",
            "type": "DISK 786MB",
            "hosted": "CPU 30%",
            "slash": "RAM 512MB",
            "support": "24/7 Support",
              "link": "https://example.com/download1",
              "access_code": "CODE123",
          
            "available": true
        },
        {
            "id": "product2",
            "title": "2",
            "name": "2",
            "description": "غير متوفر",
            "type": "DISK 1536MB",
            "hosted": "CPU 60%",

            "slash": "RAM 1024MB",
            "support": "24/7 Support",
            "available": true
        },
        {
            "id": "product3",
            "title": "3",
            "name": "3",
            "description": "غير متوفر ",
            "type": "DISK 3072MB",
            "hosted": "CPU 80%",

            "slash": "RAM 2560MB",
            "support": "24/7 Support",
            "available": true
        }
        
            
        ]
        
        
             
           
        
    
}