{
    "products": [
        {
            "image": "https://i.ibb.co/xCZS998/image-2-1-png.webp",
            "title": "بروجكت ميكر",
            "name": "Maker",
            "description": "بروجكت  ميكر للبيع بوتات داخل موقع",
            "type": "موقع تتحكم من خلاله بوتاتك 🌐",
            "hosted": "نظام عملات بكل اوامره 🪙",
            "slash": "اوامر سلاش 🤖",
            "support": "نظام بناء بوتك 🧑‍💻",
              "link": "https://example.com/download1",
              "access_code": "CODE123",
          
            "available": true
        }
        
        ]
        
}