{
    "Logs_1197311654103351357": [
        {
            "id": 1,
            "reason": "لم يتم تحديد سبب",
            "amount": 10,
            "status": "success",
            "action": "اضافه",
            "date": "2024-09-29 03:44"
        },
        {
            "id": 2,
            "reason": "شراء Ticket بوت",
            "amount": "10",
            "status": "danger",
            "action": "خصم",
            "date": "2024-09-29 03:52"
        },
        {
            "id": 4,
            "reason": "لم يتم تحديد سبب",
            "amount": 10,
            "status": "success",
            "action": "اضافه",
            "date": "2024-09-29 04:24"
        },
        {
            "id": 5,
            "reason": "تغير لغه البوت 1286430114606747750 الي AR",
            "amount": 1,
            "status": "danger",
            "action": "خصم",
            "date": "2024-09-29 04:25"
        },
        {
            "id": 6,
            "reason": "لم يتم تحديد سبب",
            "amount": 3000,
            "status": "success",
            "action": "اضافه",
            "date": "2024-09-30 09:00"
        },
        {
            "id": 2,
            "reason": "شراء هوست",
            "amount": "1000",
            "status": "success",
            "action": "شراء",
            "date": "2024-09-30 09:01"
        },
        {
            "id": 7,
            "reason": "لم يتم تحديد سبب",
            "amount": 1000,
            "status": "success",
            "action": "اضافه",
            "date": "2024-09-30 09:13"
        },
        {
            "id": 8,
            "reason": "لم يتم تحديد سبب",
            "amount": 1000,
            "status": "success",
            "action": "اضافه",
            "date": "2024-09-30 09:26"
        },
        {
            "id": 9,
            "reason": "لم يتم تحديد سبب",
            "amount": 5000,
            "status": "success",
            "action": "اضافه",
            "date": "2024-09-30 09:35"
        },
        {
            "id": 2,
            "reason": "شراء هوست",
            "amount": "1000",
            "status": "success",
            "action": "شراء",
            "date": "2024-09-30 10:02"
        },
        {
            "id": 10,
            "reason": "أضافه اختصار جديد الي 1286430114606747750",
            "amount": 1,
            "status": "danger",
            "action": "خصم",
            "date": "2024-09-30 11:55"
        },
        {
            "id": 11,
            "reason": "أضافه اختصار جديد الي 1286430114606747750",
            "amount": 1,
            "status": "danger",
            "action": "خصم",
            "date": "2024-09-30 11:56"
        },
        {
            "id": 12,
            "reason": "شراء Feedback بوت",
            "amount": "10",
            "status": "danger",
            "action": "خصم",
            "date": "2024-10-03 12:46"
        },
        {
            "id": 14,
            "reason": "شراء Ticket بوت",
            "amount": "10",
            "status": "danger",
            "action": "خصم",
            "date": "2024-10-05 03:33"
        },
        {
            "id": 15,
            "reason": "تجديد اشتراك 1286430419054497814 6 شهور",
            "amount": 42,
            "status": "danger",
            "action": "خصم",
            "date": "2024-10-05 03:34"
        },
        {
            "id": 16,
            "reason": "تجديد اشتراك 1286430419054497814 4 شهور",
            "amount": 28,
            "status": "danger",
            "action": "خصم",
            "date": "2024-10-05 03:34"
        },
        {
            "id": 6,
            "reason": "شراء هوست",
            "amount": "1000",
            "status": "success",
            "action": "شراء",
            "date": "2024-10-08 12:23"
        },
        {
            "id": 6,
            "reason": "شراء هوست",
            "amount": "1000",
            "status": "success",
            "action": "شراء",
            "date": "2024-10-08 01:27"
        },
        {
            "id": 19,
            "reason": "شحن رصيد",
            "amount": 1,
            "status": "success",
            "action": "اضافه",
            "date": "2024-10-09 05:25"
        },
        {
            "id": 21,
            "reason": "شراء Autoline بوت",
            "amount": "2",
            "status": "danger",
            "action": "خصم",
            "date": "2024-10-09 09:10"
        },
        {
            "id": 22,
            "reason": "شراء Suggestion بوت",
            "amount": "2",
            "status": "danger",
            "action": "خصم",
            "date": "2024-10-09 10:18"
        },
        {
            "id": 23,
            "reason": "شراء Apply بوت",
            "amount": "1",
            "status": "danger",
            "action": "خصم",
            "date": "2024-10-09 11:31"
        },
        {
            "id": 24,
            "reason": "شراء Ticket بوت",
            "amount": "3",
            "status": "danger",
            "action": "خصم",
            "date": "2024-10-09 11:52"
        },
        {
            "id": 26,
            "reason": "لم يتم تحديد سبب",
            "amount": 500,
            "status": "success",
            "action": "اضافه",
            "date": "2024-10-10 03:15"
        },
        {
            "id": 12,
            "reason": "شراء هوست",
            "amount": "500",
            "status": "success",
            "action": "شراء",
            "date": "2024-10-10 03:16"
        },
        {
            "id": 27,
            "reason": "لم يتم تحديد سبب",
            "amount": 500,
            "status": "success",
            "action": "اضافه",
            "date": "2024-10-10 03:31"
        },
        {
            "id": 12,
            "reason": "شراء هوست",
            "amount": "500",
            "status": "success",
            "action": "شراء",
            "date": "2024-10-10 03:32"
        },
        {
            "id": 28,
            "reason": "لم يتم تحديد سبب",
            "amount": 1000,
            "status": "success",
            "action": "اضافه",
            "date": "2024-10-10 03:36"
        },
        {
            "id": 12,
            "reason": "شراء بروجكت",
            "amount": "500",
            "status": "success",
            "action": "شراء",
            "date": "2024-10-10 03:36"
        },
        {
            "id": 38,
            "reason": "شراء Package بوت",
            "amount": "50",
            "status": "danger",
            "action": "خصم",
            "date": "2024-10-13 02:52"
        },
        {
            "id": 47,
            "reason": "شراء Bot Maker بوت",
            "amount": "100",
            "status": "danger",
            "action": "خصم",
            "date": "2024-10-15 06:02"
        },
        {
            "id": 56,
            "reason": "شراء Apply بوت",
            "amount": "1",
            "status": "danger",
            "action": "خصم",
            "date": "2024-10-18 01:46"
        },
        {
            "id": 75,
            "reason": "شراء Shop بوت",
            "amount": "10",
            "status": "danger",
            "action": "خصم",
            "date": "2024-10-19 06:07"
        },
        {
            "id": 30,
            "reason": "شراء بروجكت",
            "amount": "",
            "status": "success",
            "action": "شراء",
            "date": "2024-10-20 02:41"
        },
        {
            "id": 30,
            "reason": "شراء بروجكت",
            "amount": "",
            "status": "success",
            "action": "شراء",
            "date": "2024-10-20 02:41"
        },
        {
            "id": 30,
            "reason": "شراء بروجكت",
            "amount": "",
            "status": "success",
            "action": "شراء",
            "date": "2024-10-20 02:41"
        },
        {
            "id": 30,
            "reason": "شراء بروجكت",
            "amount": "",
            "status": "success",
            "action": "شراء",
            "date": "2024-10-20 02:42"
        },
        {
            "id": 30,
            "reason": "شراء بروجكت",
            "amount": "",
            "status": "success",
            "action": "شراء",
            "date": "2024-10-20 02:43"
        },
        {
            "id": 80,
            "reason": "شراء Shop بوت",
            "amount": "10",
            "status": "danger",
            "action": "خصم",
            "date": "2024-10-20 02:46"
        },
        {
            "id": 81,
            "reason": "شراء Shop بوت",
            "amount": "10",
            "status": "danger",
            "action": "خصم",
            "date": "2024-10-20 02:47"
        },
        {
            "id": 82,
            "reason": "تجديد اشتراك 1272879368347058268 6 شهور",
            "amount": 42,
            "status": "danger",
            "action": "خصم",
            "date": "2024-10-20 02:50"
        },
        {
            "id": 83,
            "reason": "تجديد اشتراك 1272879368347058268 6 شهور",
            "amount": 42,
            "status": "danger",
            "action": "خصم",
            "date": "2024-10-20 02:51"
        },
        {
            "id": 84,
            "reason": "شراء زوبري في طيز انا قطه عو بوت",
            "amount": "10",
            "status": "danger",
            "action": "خصم",
            "date": "2024-10-20 02:54"
        },
        {
            "id": 85,
            "reason": "شراء <a href=\"https://discord.gg/almasa\">زوبري في طيز انا قطه عو</a> بوت",
            "amount": "10",
            "status": "danger",
            "action": "خصم",
            "date": "2024-10-20 02:56"
        },
        {
            "id": 86,
            "reason": "شراء https://discord.gg/almasa بوت",
            "amount": "10",
            "status": "danger",
            "action": "خصم",
            "date": "2024-10-20 02:57"
        },
        {
            "id": 35,
            "reason": "شراء هوست",
            "amount": "",
            "status": "success",
            "action": "شراء",
            "date": "2024-10-20 03:02"
        },
        {
            "id": 35,
            "reason": "شراء هوست",
            "amount": "",
            "status": "success",
            "action": "شراء",
            "date": "2024-10-20 03:02"
        },
        {
            "id": 35,
            "reason": "شراء هوست",
            "amount": "",
            "status": "success",
            "action": "شراء",
            "date": "2024-10-20 03:02"
        },
        {
            "id": 35,
            "reason": "شراء هوست",
            "amount": "",
            "status": "success",
            "action": "شراء",
            "date": "2024-10-20 03:03"
        },
        {
            "id": 87,
            "reason": "شراء https://discord.gg/almasa بوت",
            "amount": "10",
            "status": "danger",
            "action": "خصم",
            "date": "2024-10-20 03:04"
        },
        {
            "id": 88,
            "reason": "شراء https://discord.gg/almasa بوت",
            "amount": "10",
            "status": "danger",
            "action": "خصم",
            "date": "2024-10-20 03:04"
        },
        {
            "id": 89,
            "reason": "شراء https://discord.gg/almasa @everyone @everyone @everyone @everyone بوت",
            "amount": "10",
            "status": "danger",
            "action": "خصم",
            "date": "2024-10-20 03:05"
        },
        {
            "id": 38,
            "reason": "شراء هوست",
            "amount": "",
            "status": "success",
            "action": "شراء",
            "date": "2024-10-20 03:05"
        },
        {
            "id": 38,
            "reason": "شراء هوست",
            "amount": "",
            "status": "success",
            "action": "شراء",
            "date": "2024-10-20 03:05"
        },
        {
            "id": 38,
            "reason": "شراء هوست",
            "amount": "",
            "status": "success",
            "action": "شراء",
            "date": "2024-10-20 03:05"
        },
        {
            "id": 38,
            "reason": "شراء هوست",
            "amount": "",
            "status": "success",
            "action": "شراء",
            "date": "2024-10-20 03:07"
        },
        {
            "id": 90,
            "reason": "شراء https://discord.gg/almasa بوت",
            "amount": "10",
            "status": "danger",
            "action": "خصم",
            "date": "2024-10-20 03:15"
        },
        {
            "id": 39,
            "reason": "شراء هوست",
            "amount": "",
            "status": "success",
            "action": "شراء",
            "date": "2024-10-20 03:16"
        },
        {
            "id": 39,
            "reason": "شراء هوست",
            "amount": "",
            "status": "success",
            "action": "شراء",
            "date": "2024-10-20 03:18"
        },
        {
            "id": 39,
            "reason": "شراء هوست",
            "amount": "",
            "status": "success",
            "action": "شراء",
            "date": "2024-10-20 03:18"
        },
        {
            "id": 39,
            "reason": "شراء هوست",
            "amount": "",
            "status": "success",
            "action": "شراء",
            "date": "2024-10-20 03:18"
        },
        {
            "id": 39,
            "reason": "شراء هوست",
            "amount": "",
            "status": "success",
            "action": "شراء",
            "date": "2024-10-20 03:18"
        },
        {
            "id": 39,
            "reason": "شراء هوست",
            "amount": "",
            "status": "success",
            "action": "شراء",
            "date": "2024-10-20 03:18"
        },
        {
            "id": 39,
            "reason": "شراء هوست",
            "amount": "",
            "status": "success",
            "action": "شراء",
            "date": "2024-10-20 03:18"
        },
        {
            "id": 39,
            "reason": "شراء هوست",
            "amount": "",
            "status": "success",
            "action": "شراء",
            "date": "2024-10-20 03:18"
        },
        {
            "id": 91,
            "reason": "لم يتم تحديد سبب",
            "amount": 10,
            "status": "success",
            "action": "اضافه",
            "date": "2024-10-20 03:19"
        },
        {
            "id": 92,
            "reason": "شراء Shop بوت",
            "amount": "10",
            "status": "danger",
            "action": "خصم",
            "date": "2024-10-20 03:20"
        },
        {
            "id": 107,
            "reason": "لم يتم تحديد سبب",
            "amount": 100,
            "status": "success",
            "action": "اضافه",
            "date": "2024-10-21 05:01"
        },
        {
            "id": 45,
            "reason": "شراء بروجكت",
            "amount": "100",
            "status": "success",
            "action": "شراء",
            "date": "2024-10-21 05:01"
        },
        {
            "id": 135,
            "reason": "لم يتم تحديد سبب",
            "amount": 10,
            "status": "success",
            "action": "اضافه",
            "date": "2024-10-29 05:22"
        },
        {
            "id": 136,
            "reason": "شراء Credit بوت",
            "amount": "10",
            "status": "danger",
            "action": "خصم",
            "date": "2024-10-29 05:22"
        },
        {
            "id": 139,
            "reason": "شحن رصيد",
            "amount": 2,
            "status": "success",
            "action": "اضافه",
            "date": "2024-10-31 10:07"
        },
        {
            "id": 141,
            "reason": "شحن رصيد",
            "amount": 1,
            "status": "success",
            "action": "اضافه",
            "date": "2024-10-31 11:30"
        },
        {
            "id": 150,
            "reason": "لم يتم تحديد سبب",
            "amount": 50,
            "status": "success",
            "action": "اضافه",
            "date": "2024-11-03 11:03"
        },
        {
            "id": 151,
            "reason": "لم يتم تحديد سبب",
            "amount": 100,
            "status": "success",
            "action": "اضافه",
            "date": "2024-11-03 11:05"
        }
    ],
    "LogID": 163,
    "Logs_936220537540214794": [
        {
            "id": 3,
            "reason": "لم يتم تحديد سبب",
            "amount": 10,
            "status": "success",
            "action": "اضافه",
            "date": "2024-09-29 04:05"
        }
    ],
    "Logs_910228253816533012": [
        {
            "id": 13,
            "reason": "لم يتم تحديد سبب",
            "amount": 1,
            "status": "success",
            "action": "اضافه",
            "date": "2024-10-05 02:14"
        }
    ],
    "Logs_499998988460621825": [
        {
            "id": 17,
            "reason": "شحن رصيد",
            "amount": 200,
            "status": "success",
            "action": "اضافه",
            "date": "2024-10-07 01:10"
        },
        {
            "id": 18,
            "reason": "شراء Package بوت",
            "amount": "100",
            "status": "danger",
            "action": "خصم",
            "date": "2024-10-07 01:11"
        },
        {
            "id": 58,
            "reason": "شحن رصيد",
            "amount": 10,
            "status": "success",
            "action": "اضافه",
            "date": "2024-10-18 02:20"
        },
        {
            "id": 59,
            "reason": "شراء Autoline بوت",
            "amount": "2",
            "status": "danger",
            "action": "خصم",
            "date": "2024-10-18 03:31"
        },
        {
            "id": 68,
            "reason": "شحن رصيد",
            "amount": 10,
            "status": "success",
            "action": "اضافه",
            "date": "2024-10-18 11:50"
        },
        {
            "id": 72,
            "reason": "شحن رصيد",
            "amount": 30,
            "status": "success",
            "action": "اضافه",
            "date": "2024-10-19 09:41"
        },
        {
            "id": 73,
            "reason": "تجديد اشتراك 1272618820644638842 6 شهور",
            "amount": 6,
            "status": "danger",
            "action": "خصم",
            "date": "2024-10-19 11:45"
        },
        {
            "id": 74,
            "reason": "تجديد اشتراك 1272618820644638842 6 شهور",
            "amount": 6,
            "status": "danger",
            "action": "خصم",
            "date": "2024-10-19 01:09"
        },
        {
            "id": 76,
            "reason": "تجديد اشتراك 1272618820644638842 6 شهور",
            "amount": 6,
            "status": "danger",
            "action": "خصم",
            "date": "2024-10-19 11:17"
        },
        {
            "id": 77,
            "reason": "تجديد اشتراك 1272618820644638842 6 شهور",
            "amount": 6,
            "status": "danger",
            "action": "خصم",
            "date": "2024-10-19 11:17"
        },
        {
            "id": 78,
            "reason": "تجديد اشتراك 1272618820644638842 2 شهور",
            "amount": 2,
            "status": "danger",
            "action": "خصم",
            "date": "2024-10-19 11:19"
        },
        {
            "id": 79,
            "reason": "شحن رصيد",
            "amount": 70,
            "status": "success",
            "action": "اضافه",
            "date": "2024-10-19 11:40"
        },
        {
            "id": 93,
            "reason": "لم يتم تحديد سبب",
            "amount": 120,
            "status": "success",
            "action": "اضافه",
            "date": "2024-10-20 08:15"
        },
        {
            "id": 94,
            "reason": "شراء Package بوت",
            "amount": "50",
            "status": "danger",
            "action": "خصم",
            "date": "2024-10-20 08:24"
        },
        {
            "id": 95,
            "reason": "شراء Tax بوت",
            "amount": "2",
            "status": "danger",
            "action": "خصم",
            "date": "2024-10-20 08:24"
        },
        {
            "id": 96,
            "reason": "شراء Ticket بوت",
            "amount": "3",
            "status": "danger",
            "action": "خصم",
            "date": "2024-10-20 08:25"
        },
        {
            "id": 98,
            "reason": "تجديد اشتراك 1271964611968634962 6 شهور",
            "amount": 6,
            "status": "danger",
            "action": "خصم",
            "date": "2024-10-20 09:18"
        },
        {
            "id": 99,
            "reason": "تجديد اشتراك 1271964611968634962 6 شهور",
            "amount": 6,
            "status": "danger",
            "action": "خصم",
            "date": "2024-10-20 09:18"
        },
        {
            "id": 100,
            "reason": "تجديد اشتراك 1278029599195791370 6 شهور",
            "amount": 12,
            "status": "danger",
            "action": "خصم",
            "date": "2024-10-20 09:18"
        },
        {
            "id": 101,
            "reason": "تجديد اشتراك 1278029599195791370 6 شهور",
            "amount": 12,
            "status": "danger",
            "action": "خصم",
            "date": "2024-10-20 09:19"
        }
    ],
    "Logs_1131948710843133992": [
        {
            "id": 20,
            "reason": "تبديل عملات",
            "amount": 25,
            "status": "success",
            "action": "اضافه",
            "date": "2024-10-09 07:46"
        }
    ],
    "Logs_750282237118906369": [
        {
            "id": 25,
            "reason": "لم يتم تحديد سبب",
            "amount": 43,
            "status": "success",
            "action": "اضافه",
            "date": "2024-10-09 11:55"
        }
    ],
    "Logs_741561342988910692": [
        {
            "id": 29,
            "reason": "شحن رصيد",
            "amount": 100,
            "status": "success",
            "action": "اضافه",
            "date": "2024-10-11 06:24"
        },
        {
            "id": 12,
            "reason": "شراء بروجكت",
            "amount": "100",
            "status": "success",
            "action": "شراء",
            "date": "2024-10-11 06:24"
        }
    ],
    "Logs_713361932601524256": [
        {
            "id": 30,
            "reason": "شحن رصيد",
            "amount": 100,
            "status": "success",
            "action": "اضافه",
            "date": "2024-10-11 10:23"
        },
        {
            "id": 12,
            "reason": "شراء بروجكت",
            "amount": "100",
            "status": "success",
            "action": "شراء",
            "date": "2024-10-11 10:23"
        }
    ],
    "Logs_1233153078601973780": [
        {
            "id": 31,
            "reason": "شحن رصيد",
            "amount": 100,
            "status": "success",
            "action": "اضافه",
            "date": "2024-10-11 05:31"
        },
        {
            "id": 140,
            "reason": "شحن رصيد",
            "amount": 1,
            "status": "success",
            "action": "اضافه",
            "date": "2024-10-31 11:28"
        }
    ],
    "Logs_1197455833831850039": [
        {
            "id": 12,
            "reason": "شراء بروجكت",
            "amount": "100",
            "status": "success",
            "action": "شراء",
            "date": "2024-10-11 05:52"
        }
    ],
    "Logs_1229256337930588290": [
        {
            "id": 32,
            "reason": "شحن رصيد",
            "amount": 50,
            "status": "success",
            "action": "اضافه",
            "date": "2024-10-12 12:51"
        },
        {
            "id": 33,
            "reason": "شراء Package بوت",
            "amount": "50",
            "status": "danger",
            "action": "خصم",
            "date": "2024-10-12 12:51"
        },
        {
            "id": 34,
            "reason": "شحن رصيد",
            "amount": 50,
            "status": "success",
            "action": "اضافه",
            "date": "2024-10-12 01:01"
        },
        {
            "id": 35,
            "reason": "تغير لغه البوت 1287885468599586908 الي AR",
            "amount": 1,
            "status": "danger",
            "action": "خصم",
            "date": "2024-10-12 01:01"
        }
    ],
    "Logs_1263912333353160838": [
        {
            "id": 36,
            "reason": "شحن رصيد",
            "amount": 20,
            "status": "success",
            "action": "اضافه",
            "date": "2024-10-12 09:58"
        },
        {
            "id": 37,
            "reason": "شراء System بوت",
            "amount": "2",
            "status": "danger",
            "action": "خصم",
            "date": "2024-10-12 10:00"
        }
    ],
    "Logs_1060079732634439710": [
        {
            "id": 39,
            "reason": "شحن رصيد",
            "amount": 5,
            "status": "success",
            "action": "اضافه",
            "date": "2024-10-13 11:41"
        },
        {
            "id": 40,
            "reason": "شحن رصيد",
            "amount": 95,
            "status": "success",
            "action": "اضافه",
            "date": "2024-10-13 12:35"
        },
        {
            "id": 15,
            "reason": "شراء بروجكت",
            "amount": "100",
            "status": "success",
            "action": "شراء",
            "date": "2024-10-13 12:35"
        }
    ],
    "Logs_1137378893993627668": [
        {
            "id": 41,
            "reason": "شحن رصيد",
            "amount": 2,
            "status": "success",
            "action": "اضافه",
            "date": "2024-10-14 01:58"
        },
        {
            "id": 42,
            "reason": "شراء System بوت",
            "amount": "2",
            "status": "danger",
            "action": "خصم",
            "date": "2024-10-14 02:00"
        }
    ],
    "Logs_1208028525970329611": [
        {
            "id": 43,
            "reason": "شحن رصيد",
            "amount": 500,
            "status": "success",
            "action": "اضافه",
            "date": "2024-10-14 09:53"
        },
        {
            "id": 16,
            "reason": "شراء بروجكت",
            "amount": "100",
            "status": "success",
            "action": "شراء",
            "date": "2024-10-14 10:00"
        },
        {
            "id": 45,
            "reason": "شراء Autoline بوت",
            "amount": "2",
            "status": "danger",
            "action": "خصم",
            "date": "2024-10-14 10:02"
        }
    ],
    "Logs_1215911190148939820": [
        {
            "id": 44,
            "reason": "شحن رصيد",
            "amount": 5,
            "status": "success",
            "action": "اضافه",
            "date": "2024-10-14 10:01"
        },
        {
            "id": 46,
            "reason": "شراء Apply بوت",
            "amount": "1",
            "status": "danger",
            "action": "خصم",
            "date": "2024-10-14 10:03"
        }
    ],
    "Logs_1201215119472984205": [
        {
            "id": 48,
            "reason": "شحن رصيد",
            "amount": 5,
            "status": "success",
            "action": "اضافه",
            "date": "2024-10-15 09:53"
        }
    ],
    "Logs_1139213576687583413": [
        {
            "id": 49,
            "reason": "لم يتم تحديد سبب",
            "amount": 10,
            "status": "success",
            "action": "اضافه",
            "date": "2024-10-16 02:11"
        },
        {
            "id": 50,
            "reason": "شراء Ticket بوت",
            "amount": "3",
            "status": "danger",
            "action": "خصم",
            "date": "2024-10-16 02:15"
        }
    ],
    "Logs_139116428828737536": [
        {
            "id": 51,
            "reason": "شحن رصيد",
            "amount": 1000,
            "status": "success",
            "action": "اضافه",
            "date": "2024-10-16 06:13"
        },
        {
            "id": 20,
            "reason": "شراء بروجكت",
            "amount": "100",
            "status": "success",
            "action": "شراء",
            "date": "2024-10-16 06:17"
        },
        {
            "id": 52,
            "reason": "شراء Package بوت",
            "amount": "50",
            "status": "danger",
            "action": "خصم",
            "date": "2024-10-16 06:21"
        }
    ],
    "Logs_1139222193612542062": [
        {
            "id": 53,
            "reason": "شحن رصيد",
            "amount": 3,
            "status": "success",
            "action": "اضافه",
            "date": "2024-10-17 12:36"
        }
    ],
    "Logs_1233433974009757706": [
        {
            "id": 54,
            "reason": "شحن رصيد",
            "amount": 2,
            "status": "success",
            "action": "اضافه",
            "date": "2024-10-17 11:54"
        },
        {
            "id": 55,
            "reason": "شراء System بوت",
            "amount": "2",
            "status": "danger",
            "action": "خصم",
            "date": "2024-10-17 11:55"
        }
    ],
    "Logs_1163187772421570731": [
        {
            "id": 57,
            "reason": "شحن رصيد",
            "amount": 10,
            "status": "success",
            "action": "اضافه",
            "date": "2024-10-18 01:46"
        }
    ],
    "Logs_1113879419417804860": [
        {
            "id": 60,
            "reason": "شحن رصيد",
            "amount": 2,
            "status": "success",
            "action": "اضافه",
            "date": "2024-10-18 06:14"
        },
        {
            "id": 61,
            "reason": "شراء Suggestion بوت",
            "amount": "2",
            "status": "danger",
            "action": "خصم",
            "date": "2024-10-18 06:15"
        },
        {
            "id": 62,
            "reason": "شحن رصيد",
            "amount": 2,
            "status": "success",
            "action": "اضافه",
            "date": "2024-10-18 06:42"
        },
        {
            "id": 63,
            "reason": "شراء Tax بوت",
            "amount": "2",
            "status": "danger",
            "action": "خصم",
            "date": "2024-10-18 06:43"
        },
        {
            "id": 64,
            "reason": "شحن رصيد",
            "amount": 5,
            "status": "success",
            "action": "اضافه",
            "date": "2024-10-18 06:44"
        },
        {
            "id": 65,
            "reason": "شراء Ticket بوت",
            "amount": "3",
            "status": "danger",
            "action": "خصم",
            "date": "2024-10-18 07:41"
        },
        {
            "id": 104,
            "reason": "لم يتم تحديد سبب",
            "amount": 9,
            "status": "success",
            "action": "اضافه",
            "date": "2024-10-21 12:50"
        },
        {
            "id": 132,
            "reason": "شراء System بوت",
            "amount": "2",
            "status": "danger",
            "action": "خصم",
            "date": "2024-10-27 06:56"
        },
        {
            "id": 138,
            "reason": "شراء Credit بوت",
            "amount": "5",
            "status": "danger",
            "action": "خصم",
            "date": "2024-10-31 12:34"
        },
        {
            "id": 159,
            "reason": "شحن رصيد",
            "amount": 1,
            "status": "success",
            "action": "اضافه",
            "date": "2024-11-18 11:58"
        },
        {
            "id": 160,
            "reason": "شحن رصيد",
            "amount": 2,
            "status": "success",
            "action": "اضافه",
            "date": "2024-11-18 11:59"
        }
    ],
    "Logs_305132238733967376": [
        {
            "id": 66,
            "reason": "شحن رصيد",
            "amount": 5,
            "status": "success",
            "action": "اضافه",
            "date": "2024-10-18 10:43"
        },
        {
            "id": 67,
            "reason": "لم يتم تحديد سبب",
            "amount": 5,
            "status": "success",
            "action": "اضافه",
            "date": "2024-10-18 10:57"
        },
        {
            "id": 97,
            "reason": "لم يتم تحديد سبب",
            "amount": 10,
            "status": "success",
            "action": "اضافه",
            "date": "2024-10-20 09:17"
        },
        {
            "id": 106,
            "reason": "شراء Shop بوت",
            "amount": "10",
            "status": "danger",
            "action": "خصم",
            "date": "2024-10-21 02:34"
        },
        {
            "id": 119,
            "reason": "شحن رصيد",
            "amount": 2,
            "status": "success",
            "action": "اضافه",
            "date": "2024-10-23 04:13"
        },
        {
            "id": 120,
            "reason": "شراء System بوت",
            "amount": "2",
            "status": "danger",
            "action": "خصم",
            "date": "2024-10-23 04:14"
        },
        {
            "id": 123,
            "reason": "شحن رصيد",
            "amount": 3,
            "status": "success",
            "action": "اضافه",
            "date": "2024-10-24 04:06"
        },
        {
            "id": 124,
            "reason": "شراء Ticket بوت",
            "amount": "3",
            "status": "danger",
            "action": "خصم",
            "date": "2024-10-24 04:07"
        }
    ],
    "Logs_717901113201786891": [
        {
            "id": 69,
            "reason": "شحن رصيد",
            "amount": 10,
            "status": "success",
            "action": "اضافه",
            "date": "2024-10-19 02:25"
        }
    ],
    "Logs_459639783728218127": [
        {
            "id": 70,
            "reason": "شحن رصيد",
            "amount": 2,
            "status": "success",
            "action": "اضافه",
            "date": "2024-10-19 02:32"
        },
        {
            "id": 71,
            "reason": "شراء Autoline بوت",
            "amount": "2",
            "status": "danger",
            "action": "خصم",
            "date": "2024-10-19 02:32"
        }
    ],
    "Logs_1242525153926058015": [
        {
            "id": 102,
            "reason": "شحن رصيد",
            "amount": 10,
            "status": "success",
            "action": "اضافه",
            "date": "2024-10-20 10:49"
        },
        {
            "id": 103,
            "reason": "شراء Shop بوت",
            "amount": "10",
            "status": "danger",
            "action": "خصم",
            "date": "2024-10-20 10:51"
        }
    ],
    "Logs_1275613277224964166": [
        {
            "id": 105,
            "reason": "شحن رصيد",
            "amount": 100,
            "status": "success",
            "action": "اضافه",
            "date": "2024-10-21 02:44"
        },
        {
            "id": 45,
            "reason": "شراء بروجكت",
            "amount": "100",
            "status": "success",
            "action": "شراء",
            "date": "2024-10-21 05:06"
        },
        {
            "id": 155,
            "reason": "شحن رصيد",
            "amount": 1,
            "status": "success",
            "action": "اضافه",
            "date": "2024-11-13 04:40"
        }
    ],
    "Logs_557696183884054538": [
        {
            "id": 108,
            "reason": "شحن رصيد",
            "amount": 100,
            "status": "success",
            "action": "اضافه",
            "date": "2024-10-21 06:02"
        },
        {
            "id": 45,
            "reason": "شراء بروجكت",
            "amount": "100",
            "status": "success",
            "action": "شراء",
            "date": "2024-10-21 06:03"
        }
    ],
    "Logs_1091698468235522109": [
        {
            "id": 109,
            "reason": "شحن رصيد",
            "amount": 100,
            "status": "success",
            "action": "اضافه",
            "date": "2024-10-22 12:28"
        },
        {
            "id": 45,
            "reason": "شراء بروجكت",
            "amount": "100",
            "status": "success",
            "action": "شراء",
            "date": "2024-10-22 12:28"
        }
    ],
    "Logs_1057021481403555951": [
        {
            "id": 110,
            "reason": "شحن رصيد",
            "amount": 2,
            "status": "success",
            "action": "اضافه",
            "date": "2024-10-22 03:18"
        },
        {
            "id": 111,
            "reason": "شحن رصيد",
            "amount": 10,
            "status": "success",
            "action": "اضافه",
            "date": "2024-10-22 03:20"
        },
        {
            "id": 112,
            "reason": "شراء System بوت",
            "amount": "2",
            "status": "danger",
            "action": "خصم",
            "date": "2024-10-22 03:20"
        },
        {
            "id": 113,
            "reason": "أضافه اختصار جديد الي 1287885237975646208",
            "amount": 1,
            "status": "danger",
            "action": "خصم",
            "date": "2024-10-22 03:24"
        },
        {
            "id": 114,
            "reason": "أضافه اختصار جديد الي 1287885237975646208",
            "amount": 1,
            "status": "danger",
            "action": "خصم",
            "date": "2024-10-22 03:24"
        },
        {
            "id": 115,
            "reason": "أضافه اختصار جديد الي 1287885237975646208",
            "amount": 1,
            "status": "danger",
            "action": "خصم",
            "date": "2024-10-22 03:24"
        },
        {
            "id": 116,
            "reason": "أضافه اختصار جديد الي 1287885237975646208",
            "amount": 1,
            "status": "danger",
            "action": "خصم",
            "date": "2024-10-22 03:25"
        },
        {
            "id": 117,
            "reason": "أضافه اختصار جديد الي 1287885237975646208",
            "amount": 1,
            "status": "danger",
            "action": "خصم",
            "date": "2024-10-22 03:25"
        },
        {
            "id": 118,
            "reason": "تغير لغه البوت 1287885237975646208 الي AR",
            "amount": 1,
            "status": "danger",
            "action": "خصم",
            "date": "2024-10-22 03:26"
        }
    ],
    "Logs_1193223888159641702": [
        {
            "id": 121,
            "reason": "شحن رصيد",
            "amount": 50,
            "status": "success",
            "action": "اضافه",
            "date": "2024-10-23 06:12"
        },
        {
            "id": 122,
            "reason": "شراء Package بوت",
            "amount": "50",
            "status": "danger",
            "action": "خصم",
            "date": "2024-10-23 06:13"
        }
    ],
    "Logs_618474747826798593": [
        {
            "id": 125,
            "reason": "شحن رصيد",
            "amount": 50,
            "status": "success",
            "action": "اضافه",
            "date": "2024-10-24 04:36"
        },
        {
            "id": 126,
            "reason": "شراء Apply بوت",
            "amount": "1",
            "status": "danger",
            "action": "خصم",
            "date": "2024-10-24 04:37"
        },
        {
            "id": 127,
            "reason": "شراء Autoline بوت",
            "amount": "2",
            "status": "danger",
            "action": "خصم",
            "date": "2024-10-24 04:37"
        },
        {
            "id": 128,
            "reason": "تجديد اشتراك 1287885705460056125 5 شهور",
            "amount": 0,
            "status": "danger",
            "action": "خصم",
            "date": "2024-10-24 04:38"
        },
        {
            "id": 129,
            "reason": "تجديد اشتراك 1287885705460056125 1 شهور",
            "amount": 0,
            "status": "danger",
            "action": "خصم",
            "date": "2024-10-24 04:42"
        },
        {
            "id": 131,
            "reason": "شراء Selfrole بوت",
            "amount": "3",
            "status": "danger",
            "action": "خصم",
            "date": "2024-10-27 10:36"
        },
        {
            "id": 137,
            "reason": "لم يتم تحديد سبب",
            "amount": 2,
            "status": "success",
            "action": "اضافه",
            "date": "2024-10-29 07:40"
        }
    ],
    "Logs_1146702237947674695": [
        {
            "id": 130,
            "reason": "شحن رصيد",
            "amount": 100,
            "status": "success",
            "action": "اضافه",
            "date": "2024-10-25 08:22"
        },
        {
            "id": 51,
            "reason": "شراء بروجكت",
            "amount": "100",
            "status": "success",
            "action": "شراء",
            "date": "2024-10-25 08:23"
        }
    ],
    "Logs_1063137249849520128": [
        {
            "id": 133,
            "reason": "شحن رصيد",
            "amount": 3,
            "status": "success",
            "action": "اضافه",
            "date": "2024-10-28 02:23"
        },
        {
            "id": 134,
            "reason": "شراء Ticket بوت",
            "amount": "3",
            "status": "danger",
            "action": "خصم",
            "date": "2024-10-28 02:24"
        }
    ],
    "Logs_835916525327220746": [
        {
            "id": 142,
            "reason": "شحن رصيد",
            "amount": 1,
            "status": "success",
            "action": "اضافه",
            "date": "2024-11-01 12:26"
        },
        {
            "id": 143,
            "reason": "شحن رصيد",
            "amount": 1,
            "status": "success",
            "action": "اضافه",
            "date": "2024-11-01 12:27"
        },
        {
            "id": 144,
            "reason": "شحن رصيد",
            "amount": 1,
            "status": "success",
            "action": "اضافه",
            "date": "2024-11-01 12:40"
        },
        {
            "id": 145,
            "reason": "شحن رصيد",
            "amount": 1,
            "status": "success",
            "action": "اضافه",
            "date": "2024-11-01 01:01"
        },
        {
            "id": 146,
            "reason": "شحن رصيد",
            "amount": 10,
            "status": "success",
            "action": "اضافه",
            "date": "2024-11-01 02:18"
        },
        {
            "id": 147,
            "reason": "شحن رصيد",
            "amount": 1,
            "status": "success",
            "action": "اضافه",
            "date": "2024-11-01 03:08"
        },
        {
            "id": 148,
            "reason": "شحن رصيد",
            "amount": 10,
            "status": "success",
            "action": "اضافه",
            "date": "2024-11-01 03:12"
        },
        {
            "id": 149,
            "reason": "شحن رصيد",
            "amount": 1,
            "status": "success",
            "action": "اضافه",
            "date": "2024-11-01 03:23"
        },
        {
            "id": 152,
            "reason": "شحن رصيد",
            "amount": 1,
            "status": "success",
            "action": "اضافه",
            "date": "2024-11-07 08:08"
        },
        {
            "id": 153,
            "reason": "شحن رصيد",
            "amount": 1,
            "status": "success",
            "action": "اضافه",
            "date": "2024-11-07 08:12"
        }
    ],
    "Logs_1148630682508206162": [
        {
            "id": 154,
            "reason": "لم يتم تحديد سبب",
            "amount": 2,
            "status": "success",
            "action": "اضافه",
            "date": "2024-11-07 09:01"
        }
    ],
    "Logs_972469015731650591": [
        {
            "id": 156,
            "reason": "شحن رصيد",
            "amount": 1,
            "status": "success",
            "action": "اضافه",
            "date": "2024-11-16 12:21"
        },
        {
            "id": 157,
            "reason": "شحن رصيد",
            "amount": 1,
            "status": "success",
            "action": "اضافه",
            "date": "2024-11-16 12:21"
        }
    ],
    "Logs_857684915822657598": [
        {
            "id": 158,
            "reason": "شحن رصيد",
            "amount": 10,
            "status": "success",
            "action": "اضافه",
            "date": "2024-11-17 01:39"
        }
    ],
    "Logs_579443800838111232": [
        {
            "id": 161,
            "reason": "شحن رصيد",
            "amount": 40,
            "status": "success",
            "action": "اضافه",
            "date": "2024-11-19 07:35"
        }
    ],
    "Logs_550372403109429248": [
        {
            "id": 162,
            "reason": "شحن رصيد",
            "amount": 50,
            "status": "success",
            "action": "اضافه",
            "date": "2024-11-20 06:07"
        }
    ]
}