{
    "products": [
        {
            "image": "https://i.ibb.co/xf21C92/yk-QKk-Oi-Ng5-SS820-BTn-N0-Tc-Gwx-WA7-IIo5i77-CZdk-Q.jpg",
            "name": "نيترو",
            "price": 3,
            "stock": []
        },
        {
            "name": "Read_Dead_Redemption_2",
            "price": 2,
            "stock": [
                "horvb78187:5o1r7muc",
                "horvb78187:5o1r7muc",
                "horvb78187:5o1r7muc"
            ],
            "image": "https://i.ibb.co/ZSYfMbL/image-2024-09-01-003249129.png"
        },
        {
            "name": "Minecraft_Dungeons",
            "price": 2,
            "stock": [
                "swdxck:Sw491592",
                "swdxck:Sw491592",
                "swdxck:Sw491592",
                "swdxck:Sw491592",
                "swdxck:Sw491592"
            ],
            "image": "https://i.ibb.co/vVJK1SW/MUWG0-Ybb-Prq-M9-Kn-PT8-Viunt3.jpg"
        },
        {
            "name": "حساب ستيم 50 لعبه",
            "price": 2,
            "stock": [
                "zhaoyue6046:GiTkEyAsps",
                "zhaoyue6046:GiTkEyAsps",
                "ancuta85:printesa",
                "zhaoyue6046:GiTkEyAsps",
                "ancuta85:printesa"
            ],
            "image": "https://i.ibb.co/8DMw6Pj/Steam-Valve.webp"
        }
    ]
}