{
    "1166771158637608972": {
        "user": {
            "avatar": "https://cdn.discordapp.com/avatars/1166771158637608972/a_f7980f15d265a3594f45a57376a29fcd.png",
            "username": "v440",
            "discriminator": "0",
            "id": "1166771158637608972",
            "access_token": "OwIi1ikz2CTpf8iPDCA6RFRwKDIzA5"
        },
        "data": {
            "login": true
        }
    },
    "1197311654103351357": {
        "user": {
            "avatar": "https://cdn.discordapp.com/avatars/1197311654103351357/e4c3f518aa387e04399432e6f9226cad.png",
            "username": "a7a.00",
            "discriminator": "0",
            "id": "1197311654103351357",
            "email": "novastoretop1+5@gmail.com",
            "access_token": "JKmQ27TyfG7rmokTgK309BfQzlMmZF"
        },
        "data": {
            "login": true
        }
    },
    "936220537540214794": {
        "user": {
            "avatar": "https://cdn.discordapp.com/avatars/936220537540214794/12ae3043828abbc93326e3ed4a4ac13f.png",
            "username": "_1ut",
            "discriminator": "0",
            "id": "936220537540214794",
            "access_token": "iMSPJoLHlTSkpnXuQqfgBGEUGxU2bv"
        },
        "data": {
            "login": true
        }
    },
    "1201821546608332810": {
        "user": {
            "avatar": "https://cdn.discordapp.com/avatars/1201821546608332810/59f832bbfe333dffedcbdc1d43f420c9.png",
            "username": "thisisreallyfair",
            "discriminator": "0",
            "id": "1201821546608332810",
            "access_token": "pwOIr0gFyMHqRf7edgyfZyxEw1BRhO"
        },
        "data": {
            "login": true
        }
    },
    "1270195010133954595": {
        "user": {
            "avatar": "https://cdn.discordapp.com/avatars/1270195010133954595/3e9a3cd659ac507da576099e8fe5abc2.png",
            "username": "zoro_ontop5",
            "discriminator": "0",
            "id": "1270195010133954595",
            "access_token": "5kOikZyhDFIsY2Pbm6IVxX7wawFwSm"
        },
        "data": {
            "login": true
        }
    },
    "743829293586579508": {
        "user": {
            "avatar": "https://cdn.discordapp.com/avatars/743829293586579508/d273ab2b3d5983cbb21fb6daeea41877.png",
            "username": "_jokerdz_",
            "discriminator": "0",
            "id": "743829293586579508",
            "access_token": "U8iIfXwOViQiIRQl7sjPpvOatRaSnx"
        },
        "data": {
            "login": true
        }
    },
    "1250502249415839785": {
        "user": {
            "avatar": "https://cdn.discordapp.com/avatars/1250502249415839785/2890903caa06b282e27de3e5049c8e95.png",
            "username": "evil_12",
            "discriminator": "0",
            "id": "1250502249415839785",
            "access_token": "skk2OCb0xciWzaziL59iUFWAEIqxWW"
        },
        "data": {
            "login": true
        }
    },
    "1076765288923664404": {
        "user": {
            "avatar": "https://cdn.discordapp.com/avatars/1076765288923664404/a_1e2625f28441d6138e5b38f91e88f062.png",
            "username": "a6.o",
            "discriminator": "0",
            "id": "1076765288923664404",
            "access_token": "BFuqreAlTxVkyaU93faMjp0FyiPDT2"
        },
        "data": {
            "login": true
        }
    },
    "697117268408271029": {
        "user": {
            "avatar": "https://cdn.discordapp.com/avatars/697117268408271029/82a26a0b5bb32291a4e50a1b13ad4de5.png",
            "username": "joeeapaoea",
            "discriminator": "0",
            "id": "697117268408271029",
            "access_token": "pK30TLBz0S9QBvijKO8sJSzMHyUK86"
        },
        "data": {
            "login": true
        }
    },
    "1018566001274654821": {
        "user": {
            "avatar": "https://cdn.discordapp.com/avatars/1018566001274654821/759ae8f7a637d8219d3089b0b05841e5.png",
            "username": "2x1e",
            "discriminator": "0",
            "id": "1018566001274654821",
            "access_token": "E5ZxylGpLrlkuzHjxRNAhVeDjeYQP6"
        },
        "data": {
            "login": true
        }
    },
    "779034600415428608": {
        "user": {
            "avatar": "https://cdn.discordapp.com/avatars/779034600415428608/5b3e88c7fbb8ab0d0e71aedca3ac07ae.png",
            "username": "5_5y",
            "discriminator": "0",
            "id": "779034600415428608",
            "access_token": "MAqRkmuwUtRcOqSKpOG7Q5KCX76QHy"
        },
        "data": {
            "login": true
        }
    },
    "845950633533636628": {
        "user": {
            "avatar": "https://cdn.discordapp.com/avatars/845950633533636628/dc1d660353b58304750ff3b401ccd8b5.png",
            "username": "5.be",
            "discriminator": "0",
            "id": "845950633533636628",
            "access_token": "ipUKbD3dLxswxZsL9rMyphT97eqrm2"
        },
        "data": {
            "login": true
        }
    },
    "1233433974009757706": {
        "user": {
            "avatar": "https://cdn.discordapp.com/avatars/1233433974009757706/857e6910bceb90b1e2880ebc1f1f5349.png",
            "username": "v5_8",
            "discriminator": "0",
            "id": "1233433974009757706",
            "access_token": "zq5ev1qeMw7TiOxq7doQYQ2X7eou5Z"
        },
        "data": {
            "login": true
        }
    },
    "1233153078601973780": {
        "user": {
            "avatar": "https://cdn.discordapp.com/avatars/1233153078601973780/a_a10ceafb408c4363fed038eea093b349.png",
            "username": ".90l",
            "discriminator": "0",
            "id": "1233153078601973780",
            "access_token": "mDySE8ZWvgb3jPDGXpdKzHQKImOdAZ"
        },
        "data": {
            "login": true
        }
    },
    "1145430529387278443": {
        "user": {
            "avatar": "https://cdn.discordapp.com/avatars/1145430529387278443/a_d8fc0f243b70c34bf14802cd395735e7.png",
            "username": "a___l_o_f_i_k_x___f",
            "discriminator": "0",
            "id": "1145430529387278443",
            "access_token": "WYsigQXZRzVFlPPjn9xf7941lBymob"
        },
        "data": {
            "login": true
        }
    },
    "499998988460621825": {
        "user": {
            "avatar": "https://cdn.discordapp.com/embed/avatars/0.png",
            "username": "_s9l",
            "discriminator": "0",
            "id": "499998988460621825",
            "access_token": "IuU3Q2jWYlW1aOD2m8wQD67F5O1PnJ"
        },
        "data": {
            "login": true
        }
    },
    "332607030634217482": {
        "user": {
            "avatar": "https://cdn.discordapp.com/avatars/332607030634217482/de0be6c6f26d1f945f3378f90852107c.png",
            "username": "s_5o",
            "discriminator": "0",
            "id": "332607030634217482",
            "access_token": "qq7G9QdFIbb804L5RoVn19n237prR5"
        },
        "data": {
            "login": true
        }
    },
    "1243990490601361544": {
        "user": {
            "avatar": "https://cdn.discordapp.com/avatars/1243990490601361544/759193db89f906db8d7bc92667c2113e.png",
            "username": "_5_7",
            "discriminator": "0",
            "id": "1243990490601361544",
            "access_token": "oXL50q1B6UHxsXQ7qIBHVxbGx542rl"
        },
        "data": {
            "login": true
        }
    },
    "1011852021080531054": {
        "user": {
            "avatar": "https://cdn.discordapp.com/avatars/1011852021080531054/4ac9f1d4a2848acacfc32029b1d725f2.png",
            "username": "_3tz",
            "discriminator": "0",
            "id": "1011852021080531054",
            "access_token": "VzuAB0lGKc0Qf4uta4I2z5wuEzNCHt"
        },
        "data": {
            "login": true
        }
    },
    "713361932601524256": {
        "user": {
            "avatar": "https://cdn.discordapp.com/avatars/713361932601524256/85fbf0fe0fc2d0f8bb8693b26f08e7c3.png",
            "username": "ra.djameleddine",
            "discriminator": "0",
            "id": "713361932601524256",
            "access_token": "hYjp7tku8BWHijakZBMcEl02d8epPx"
        },
        "data": {
            "login": true
        }
    },
    "1040030130837401640": {
        "user": {
            "avatar": "https://cdn.discordapp.com/avatars/1040030130837401640/686f8433247f99b1b03e2c2126da9c25.png",
            "username": "599y",
            "discriminator": "0",
            "id": "1040030130837401640",
            "access_token": "sO3p3WAmkjzzVXjsSBwBhLDMfMjA7E"
        },
        "data": {
            "login": true
        }
    },
    "910228253816533012": {
        "user": {
            "avatar": "https://cdn.discordapp.com/avatars/910228253816533012/f299f202d7ae51db98f8216f928b1591.png",
            "username": "i9.77",
            "discriminator": "0",
            "id": "910228253816533012",
            "access_token": "1qsDYd53u9YAwDTkrKmLopsqJ2O6vp"
        },
        "data": {
            "login": true
        }
    },
    "1028635256057774210": {
        "user": {
            "avatar": "https://cdn.discordapp.com/avatars/1028635256057774210/98952166f9921a4d109845b28aaff70c.png",
            "username": "vx63",
            "discriminator": "0",
            "id": "1028635256057774210",
            "access_token": "Cpxp23AVNNUDi74J2WFCI7J8XbRIz8"
        },
        "data": {
            "login": true
        }
    },
    "972469015731650591": {
        "user": {
            "avatar": "https://cdn.discordapp.com/avatars/972469015731650591/01cf097f9c9ee9108cbfc66a45b66ada.png",
            "username": "mjon_kw",
            "discriminator": "0",
            "id": "972469015731650591",
            "access_token": "P1nHDLvYs0F7KtT2QNtGUXyaw5ulml"
        },
        "data": {
            "login": true
        }
    },
    "751534551645290586": {
        "user": {
            "avatar": "https://cdn.discordapp.com/embed/avatars/0.png",
            "username": "l_n3._",
            "discriminator": "0",
            "id": "751534551645290586",
            "access_token": "rKLBHs4i0XiRwP197JfHTVSa9UnU3W"
        },
        "data": {
            "login": true
        }
    },
    "730964747251482624": {
        "user": {
            "avatar": "https://cdn.discordapp.com/avatars/730964747251482624/dc0c083cc6272290256feef69f90e81f.png",
            "username": "l5x9",
            "discriminator": "0",
            "id": "730964747251482624",
            "access_token": "JNuJ1bQNiy2sKD2LYnGIhGjjEbVDX8"
        },
        "data": {
            "login": true
        }
    },
    "834016499870072843": {
        "user": {
            "avatar": "https://cdn.discordapp.com/avatars/834016499870072843/1dcddd92f5fa09a6bf36a0ad2796fe77.png",
            "username": "4qf_",
            "discriminator": "0",
            "id": "834016499870072843",
            "access_token": "fQM8u74VaZ6xULGY3KrmsTdYZqBCgk"
        },
        "data": {
            "login": true
        }
    },
    "1131948710843133992": {
        "user": {
            "avatar": "https://cdn.discordapp.com/avatars/1131948710843133992/a_d251c00b9fffc619a8d04f3e7a094b02.png",
            "username": "kr_3h",
            "discriminator": "0",
            "id": "1131948710843133992",
            "access_token": "p4x7BrsUn78Tar6srnq005rTPqm7oY"
        },
        "data": {
            "login": true
        }
    },
    "1130899454086610995": {
        "user": {
            "avatar": "https://cdn.discordapp.com/avatars/1130899454086610995/520a21e7356077e17d96b08daf54a049.png",
            "username": "y_jk",
            "discriminator": "0",
            "id": "1130899454086610995",
            "access_token": "IKpa42LHQmFmvVec15NDNSuhpqteal"
        },
        "data": {
            "login": true
        }
    },
    "930924322023940137": {
        "user": {
            "avatar": "https://cdn.discordapp.com/avatars/930924322023940137/1da19227f160f84080dbb856a1b714a1.png",
            "username": "firstvenom1",
            "discriminator": "0",
            "id": "930924322023940137",
            "access_token": "0nfX5IhUv5bmOjBBfxCd9Mc1r7ooac"
        },
        "data": {
            "login": true
        }
    },
    "1114243341681438852": {
        "user": {
            "avatar": "https://cdn.discordapp.com/avatars/1114243341681438852/c507bab150520c2e95d41cfc495f0222.png",
            "username": "sox13",
            "discriminator": "0",
            "id": "1114243341681438852",
            "access_token": "91Q5hUlF4KFYIytLSEJIgF1GrFfN0D"
        },
        "data": {
            "login": true
        }
    },
    "1276404685376454711": {
        "user": {
            "avatar": "https://cdn.discordapp.com/avatars/1276404685376454711/d9f423ca647f4693df520d619986dc7a.png",
            "username": ".ugt",
            "discriminator": "0",
            "id": "1276404685376454711",
            "access_token": "6GnpUTn1p9XMuyTXI2JcNGmsTKXdSW"
        },
        "data": {
            "login": true
        }
    },
    "1080136269188833361": {
        "user": {
            "avatar": "https://cdn.discordapp.com/avatars/1080136269188833361/ccc224beb5fcace2a721f3d2dae2dab3.png",
            "username": "iscubex",
            "discriminator": "0",
            "id": "1080136269188833361",
            "access_token": "bhzCJFKTERE8KXwqeZOnNZoU2Cg92G"
        },
        "data": {
            "login": true
        }
    },
    "1197455833831850039": {
        "user": {
            "avatar": "https://cdn.discordapp.com/avatars/1197455833831850039/ca69d45c225ef46678a55b742bcbde10.png",
            "username": "8yku",
            "discriminator": "0",
            "id": "1197455833831850039",
            "access_token": "RKippb3r39Br3bnaXdL4YwfYR0aGvd"
        },
        "data": {
            "login": true
        }
    },
    "626786569721872406": {
        "user": {
            "avatar": "https://cdn.discordapp.com/avatars/626786569721872406/01a1b0236a9db805bbaad37ae0c3f646.png",
            "username": "5n_b",
            "discriminator": "0",
            "id": "626786569721872406",
            "access_token": "8FYb8XI0YaLIPnBE1vGbsah2WnlcIm"
        },
        "data": {
            "login": true
        }
    },
    "719821750342254632": {
        "user": {
            "avatar": "https://cdn.discordapp.com/avatars/719821750342254632/a87553f7bbcd90ddad3824c9138584af.png",
            "username": "p_z2",
            "discriminator": "0",
            "id": "719821750342254632",
            "access_token": "dP59hCTAFWnPeXJ6zGnYLYrDTY6Rfa"
        },
        "data": {
            "login": true
        }
    },
    "454993648585539595": {
        "user": {
            "avatar": "https://cdn.discordapp.com/avatars/454993648585539595/a_8865b1ea6b85fdb4b0253595f2d6b488.png",
            "username": "noofel966",
            "discriminator": "0",
            "id": "454993648585539595",
            "access_token": "0do3J8ohhImEiCMzkJ6Xcb6PdAwqyv"
        },
        "data": {
            "login": true
        }
    },
    "1088642299069743165": {
        "user": {
            "avatar": "https://cdn.discordapp.com/avatars/1088642299069743165/46ec458ba3aa073bd8cd54a2742c00d9.png",
            "username": "r_3._d",
            "discriminator": "0",
            "id": "1088642299069743165",
            "access_token": "X2HbCZ5QJaL5aanZdXPnUcnGWCEKD8"
        },
        "data": {
            "login": true
        }
    },
    "741561342988910692": {
        "user": {
            "avatar": "https://cdn.discordapp.com/avatars/741561342988910692/a_18d8158da842b6356173053df7c9922b.png",
            "username": "_zy0",
            "discriminator": "0",
            "id": "741561342988910692",
            "access_token": "A1MPT3rcdCvCgZTizH0HOiMTE5e93D"
        },
        "data": {
            "login": true
        }
    },
    "1064128078990811146": {
        "user": {
            "avatar": "https://cdn.discordapp.com/avatars/1064128078990811146/1f86e0774f4a540e25acd99469a1eccc.png",
            "username": "as7n_",
            "discriminator": "0",
            "id": "1064128078990811146",
            "access_token": "IFw8t8hWgxMQ1wIlmYh0AQ9rKxqTTI"
        },
        "data": {
            "login": true
        }
    },
    "1208028525970329611": {
        "user": {
            "avatar": "https://cdn.discordapp.com/avatars/1208028525970329611/494059abcb2d95fdda5d7b80c1fbb0ee.png",
            "username": "5_jr",
            "discriminator": "0",
            "id": "1208028525970329611",
            "access_token": "ktF55oNXqSFZlt2gK4oh6AkVIENcuJ"
        },
        "data": {
            "login": true
        }
    },
    "795743533730365523": {
        "user": {
            "avatar": "https://cdn.discordapp.com/avatars/795743533730365523/2120bcea5806f9040c83c7b442131aa3.png",
            "username": "l8_.",
            "discriminator": "0",
            "id": "795743533730365523",
            "access_token": "11SkKs80aQkhf3vGnPtSateDzNl95Y"
        },
        "data": {
            "login": true
        }
    },
    "1245368177433514023": {
        "user": {
            "avatar": "https://cdn.discordapp.com/avatars/1245368177433514023/50a37487290099bb35e24057064bc819.png",
            "username": "al7hunter",
            "discriminator": "0",
            "id": "1245368177433514023",
            "access_token": "yWS3Mg5b5Qn3hxQ5nj2UbyeOWra4QG"
        },
        "data": {
            "login": true
        }
    },
    "1214951133122928733": {
        "user": {
            "avatar": "https://cdn.discordapp.com/avatars/1214951133122928733/54d644947cdbf11441cdde0c567e910f.png",
            "username": "q_zu",
            "discriminator": "0",
            "id": "1214951133122928733",
            "access_token": "jPFU7unUm6BadoN5Ki8pmujS0AdXvQ"
        },
        "data": {
            "login": true
        }
    },
    "1107394776053071962": {
        "user": {
            "avatar": "https://cdn.discordapp.com/avatars/1107394776053071962/739f9d0c16992707928e486dffec21f6.png",
            "username": ".iyed.",
            "discriminator": "0",
            "id": "1107394776053071962",
            "access_token": "59HZtyiUYLhey3aeKvTVkzlYDVfJSh"
        },
        "data": {
            "login": true
        }
    },
    "1229256337930588290": {
        "user": {
            "avatar": "https://cdn.discordapp.com/avatars/1229256337930588290/7696d63cbada47550d3a94f24037d943.png",
            "username": "1plaza",
            "discriminator": "0",
            "id": "1229256337930588290",
            "access_token": "PbSBxMD3o4imiSxcw7sUPZuRCObDNN"
        },
        "data": {
            "login": true
        }
    },
    "931011044598489108": {
        "user": {
            "avatar": "https://cdn.discordapp.com/avatars/931011044598489108/11ad9ae80af6d957371b52e4d37ba115.png",
            "username": "syr.z",
            "discriminator": "0",
            "id": "931011044598489108",
            "access_token": "YjNaRguxAnHJ6A2mjP9gei6zkVKoT0"
        },
        "data": {
            "login": true
        }
    },
    "1178010618821890180": {
        "user": {
            "avatar": "https://cdn.discordapp.com/avatars/1178010618821890180/b7a804fffdf79e202373abcef34333db.png",
            "username": "67wy",
            "discriminator": "0",
            "id": "1178010618821890180",
            "access_token": "mgcRBOwjWQsp6bXHlOjuLZMJuz1tTe"
        },
        "data": {
            "login": true
        }
    },
    "1258950398451126342": {
        "user": {
            "avatar": "https://cdn.discordapp.com/avatars/1258950398451126342/09101b148424e90626198798c7303d98.png",
            "username": "r9nr",
            "discriminator": "0",
            "id": "1258950398451126342",
            "access_token": "9Bq4Qq9UrjKSqMkQBeo6SL641dELwr"
        },
        "data": {
            "login": true
        }
    },
    "1224444756398968944": {
        "user": {
            "avatar": "https://cdn.discordapp.com/avatars/1224444756398968944/a_39fac869b35f5d91be334b3d9c6d5369.png",
            "username": "body_01099",
            "discriminator": "0",
            "id": "1224444756398968944",
            "access_token": "rXoMa6F3OAV6xOh61RLBa7BUz5dswk"
        },
        "data": {
            "login": true
        }
    },
    "825702251715756032": {
        "user": {
            "avatar": "https://cdn.discordapp.com/avatars/825702251715756032/05ad1b9486b1e0862241347475633edc.png",
            "username": "zu9s",
            "discriminator": "0",
            "id": "825702251715756032",
            "access_token": "MrwPWXtTzJStxIweybKwd1nql9jz7Q"
        },
        "data": {
            "login": true
        }
    },
    "1263912333353160838": {
        "user": {
            "avatar": "https://cdn.discordapp.com/avatars/1263912333353160838/119c9ef0fb78377e35c900da0992cb54.png",
            "username": ".8g77",
            "discriminator": "0",
            "id": "1263912333353160838",
            "access_token": "8AypuG2SGdLgp4wviJfQIx9OsegCk2"
        },
        "data": {
            "login": true
        }
    },
    "1045922056425979924": {
        "user": {
            "avatar": "https://cdn.discordapp.com/avatars/1045922056425979924/76b5329976bf309c8f463a7542c2e9ac.png",
            "username": "55.mm",
            "discriminator": "0",
            "id": "1045922056425979924",
            "access_token": "6wv4r3G9aoboyR3qjv1klspHK2csYc"
        },
        "data": {
            "login": true
        }
    },
    "579443800838111232": {
        "user": {
            "avatar": "https://cdn.discordapp.com/avatars/579443800838111232/a_f2f440b3fe829779dbc20982bbbfd696.png",
            "username": "x_wf",
            "discriminator": "0",
            "id": "579443800838111232",
            "access_token": "a1fBredJzIeSb4DnI7Uuecz80y8eFe"
        },
        "data": {
            "login": true
        }
    },
    "1137378893993627668": {
        "user": {
            "avatar": "https://cdn.discordapp.com/avatars/1137378893993627668/8227fc1cfcdd05fb4627facd1ddbcb46.png",
            "username": "u2.6",
            "discriminator": "0",
            "id": "1137378893993627668",
            "access_token": "k0rCBFU8VNoKBfEmres6VmvJqOXceV"
        },
        "data": {
            "login": true
        }
    },
    "957769311664111657": {
        "user": {
            "avatar": "https://cdn.discordapp.com/avatars/957769311664111657/b0b2ef0dba76bd062b4a8a7e55a2f773.png",
            "username": ".3l_",
            "discriminator": "0",
            "id": "957769311664111657",
            "access_token": "8a6fWo6QJJcYGgDV61kP0uaCTiGfNj"
        },
        "data": {
            "login": true
        }
    },
    "1139213576687583413": {
        "user": {
            "avatar": "https://cdn.discordapp.com/avatars/1139213576687583413/f2da6e77df776f817dac7fdb7340a1e7.png",
            "username": "remiro_epic",
            "discriminator": "0",
            "id": "1139213576687583413",
            "access_token": "KEXAQDsParfRNWU41H25WMc4tuMCeU"
        },
        "data": {
            "login": true
        }
    },
    "1060079732634439710": {
        "user": {
            "avatar": "https://cdn.discordapp.com/avatars/1060079732634439710/fa88dcd0bd1412f90ca9d1d63424bdf3.png",
            "username": "tmahmed_",
            "discriminator": "0",
            "id": "1060079732634439710",
            "access_token": "MxcUYMPVdh8Tcwhonw2qQw83FIvjpY"
        },
        "data": {
            "login": true
        }
    },
    "1215911190148939820": {
        "user": {
            "avatar": "https://cdn.discordapp.com/avatars/1215911190148939820/5ffdd805f972c179f406821a6a857752.png",
            "username": "4z_1",
            "discriminator": "0",
            "id": "1215911190148939820",
            "access_token": "2Vx02FxsnOV8crvwQdMl4iJpcqyTHa"
        },
        "data": {
            "login": true
        }
    },
    "1242525153926058015": {
        "user": {
            "avatar": "https://cdn.discordapp.com/avatars/1242525153926058015/a_3241157c6d8a3d53828d142680b6391a.png",
            "username": "sax.7",
            "discriminator": "0",
            "id": "1242525153926058015",
            "access_token": "pC1LX4ftFcCJnXJmvBUOiizGvaya5d"
        },
        "data": {
            "login": true
        }
    },
    "731057331240173609": {
        "user": {
            "avatar": "https://cdn.discordapp.com/avatars/731057331240173609/f7f042ae57b1c5f1bebfe056416b4dd7.png",
            "username": ".p94",
            "discriminator": "0",
            "id": "731057331240173609",
            "access_token": "670SyDBUuqJgckhyd9gzs3MHuWlamz"
        },
        "data": {
            "login": true
        }
    },
    "1161933984163450980": {
        "user": {
            "avatar": "https://cdn.discordapp.com/avatars/1161933984163450980/3cd3c25f2874c46e32cd0e5e3f68a15a.png",
            "username": "e_.9.",
            "discriminator": "0",
            "id": "1161933984163450980",
            "access_token": "jrTll65gbC6Zg2kyL2Bar1hDxGKgzw"
        },
        "data": {
            "login": true
        }
    },
    "1201215119472984205": {
        "user": {
            "avatar": "https://cdn.discordapp.com/avatars/1201215119472984205/218235773391b0b01759c0b01a81f630.png",
            "username": "_9nm",
            "discriminator": "0",
            "id": "1201215119472984205",
            "access_token": "shz19uTDjDaOSgHLRnwA1QK20It3Ci"
        },
        "data": {
            "login": true
        }
    },
    "139116428828737536": {
        "user": {
            "avatar": "https://cdn.discordapp.com/avatars/139116428828737536/3e0ff815f98dde81957a36bac9846349.png",
            "username": "r8xl",
            "discriminator": "0",
            "id": "139116428828737536",
            "access_token": "CvhqyYkRvffBaK2PUDvoKiYOPddFy8"
        },
        "data": {
            "login": true
        }
    },
    "666079130533756945": {
        "user": {
            "avatar": "https://cdn.discordapp.com/avatars/666079130533756945/a7228d9c06d5d7d1573143ef4828de3a.png",
            "username": "wv_m",
            "discriminator": "0",
            "id": "666079130533756945",
            "access_token": "GhFoRWJddH6BPdgl9KO2ICrRMfa56l"
        },
        "data": {
            "login": true
        }
    },
    "1143599681734193182": {
        "user": {
            "avatar": "https://cdn.discordapp.com/avatars/1143599681734193182/ea4ac3ac56f0d8a02ceff9b88b6761d2.png",
            "username": "5d.6",
            "discriminator": "0",
            "id": "1143599681734193182",
            "access_token": "tsLA40zssWeJ6DUGoJ97tyVmnc1Fox"
        },
        "data": {
            "login": true
        }
    },
    "1139222193612542062": {
        "user": {
            "avatar": "https://cdn.discordapp.com/avatars/1139222193612542062/831d6cfb562cbd350a2717108a7d6db0.png",
            "username": "5_d3",
            "discriminator": "0",
            "id": "1139222193612542062",
            "access_token": "VoBnKdGYySWHo9QHg1PR3mBwFpdthO"
        },
        "data": {
            "login": true
        }
    },
    "1251695964641824801": {
        "user": {
            "avatar": "https://cdn.discordapp.com/avatars/1251695964641824801/a_48f311840ec5a93991a7c0683b3372b9.png",
            "username": "oyti18",
            "discriminator": "0",
            "id": "1251695964641824801",
            "access_token": "fpaCGcjBaMFNbsv7465DtRroH4ci1d"
        },
        "data": {
            "login": true
        }
    },
    "1214606660652367902": {
        "user": {
            "avatar": "https://cdn.discordapp.com/avatars/1214606660652367902/3ac25dde47752ab72507230d888b3528.png",
            "username": "c93f",
            "discriminator": "0",
            "id": "1214606660652367902",
            "access_token": "GS7d7a6kn6ebAYQjVi5hylphRmH3z2"
        },
        "data": {
            "login": true
        }
    },
    "1088981206877618246": {
        "user": {
            "avatar": "https://cdn.discordapp.com/avatars/1088981206877618246/b46e8e073c192fc7f239c8aef2c58428.png",
            "username": "yous_sef.",
            "discriminator": "0",
            "id": "1088981206877618246",
            "access_token": "Q6w34OpjKsHhnIiK5Zu7ND9MAPYfhm"
        },
        "data": {
            "login": true
        }
    },
    "374176606379442176": {
        "user": {
            "avatar": "https://cdn.discordapp.com/avatars/374176606379442176/b44f3b5848158165255e0f211eeb7d29.png",
            "username": ".tjj1",
            "discriminator": "0",
            "id": "374176606379442176",
            "access_token": "aQoXY3IljTsPAAyYF4FdmicpUgpKN6"
        },
        "data": {
            "login": true
        }
    },
    "1214948483371376761": {
        "user": {
            "avatar": "https://cdn.discordapp.com/avatars/1214948483371376761/294659a304beecda8ae275e8223f4899.png",
            "username": "harmonious_gull_70855_11548",
            "discriminator": "0",
            "id": "1214948483371376761",
            "access_token": "w8WepotHROfB63gwjz1FSkmeG0hOVW"
        },
        "data": {
            "login": true
        }
    },
    "1155150154039570514": {
        "user": {
            "avatar": "https://cdn.discordapp.com/avatars/1155150154039570514/b39ea51efc8e4e5800ec97ca5d8f53ad.png",
            "username": "s5w_",
            "discriminator": "0",
            "id": "1155150154039570514",
            "access_token": "l9lLXMe3zusrfz1mjDqXOZgOdzjDKy"
        },
        "data": {
            "login": true
        }
    },
    "1253461532646576203": {
        "user": {
            "avatar": "https://cdn.discordapp.com/avatars/1253461532646576203/7628630eb15afa5b046aba5f0db9e4c2.png",
            "username": "ys4.1",
            "discriminator": "0",
            "id": "1253461532646576203",
            "access_token": "h3KKE6cat4zH6loZPTb8APXNppdYMW"
        },
        "data": {
            "login": true
        }
    },
    "1156886446242791475": {
        "user": {
            "avatar": "https://cdn.discordapp.com/avatars/1156886446242791475/6dd81888e7432ef77708359fb3fa9c25.png",
            "username": "reddx7",
            "discriminator": "0",
            "id": "1156886446242791475",
            "access_token": "uBP23O89mhp1oxSxHYAxEFzoZbYiCK"
        },
        "data": {
            "login": true
        }
    },
    "1113879419417804860": {
        "user": {
            "avatar": "https://cdn.discordapp.com/avatars/1113879419417804860/0d83a191f1701e86c91a569542da3044.png",
            "username": "rayanbouri79x_x",
            "discriminator": "0",
            "id": "1113879419417804860",
            "access_token": "S4ZTTKzMzyCGPjuEADZTsKOPdxf5Kd"
        },
        "data": {
            "login": true
        }
    },
    "325229532896296961": {
        "user": {
            "avatar": "https://cdn.discordapp.com/avatars/325229532896296961/a_58bbe35c3c8d4c0f07d3a61e8e8aaa36.png",
            "username": "p4_b",
            "discriminator": "0",
            "id": "325229532896296961",
            "access_token": "LkdtBD1djmFtyYt4cXm2Dt5pvvuDyB"
        },
        "data": {
            "login": true
        }
    },
    "851571709558784031": {
        "user": {
            "avatar": "https://cdn.discordapp.com/avatars/851571709558784031/a_578b22a8307c1b21056b42bde7bfedf2.png",
            "username": "o_97",
            "discriminator": "0",
            "id": "851571709558784031",
            "access_token": "aSoVKUrfZT9giqfLeAGQMae9iGbzrk"
        },
        "data": {
            "login": true
        }
    },
    "538789895481589798": {
        "user": {
            "avatar": "https://cdn.discordapp.com/avatars/538789895481589798/e0b993652660952c699b871781ff9f91.png",
            "username": "g3.ahmed",
            "discriminator": "0",
            "id": "538789895481589798",
            "access_token": "bqYIGkTeLYH00ZnOPPupzAeavq0lcW"
        },
        "data": {
            "login": true
        }
    },
    "772736041979215883": {
        "user": {
            "avatar": "https://cdn.discordapp.com/avatars/772736041979215883/3100c48ff3e4bb17c697a53403dba9e0.png",
            "username": "ja.30",
            "discriminator": "0",
            "id": "772736041979215883",
            "access_token": "7MX48l8QXSkYoap1Q4Fb2CNTkSRSA7"
        },
        "data": {
            "login": true
        }
    },
    "948842028215722037": {
        "user": {
            "avatar": "https://cdn.discordapp.com/avatars/948842028215722037/9a3c6393c59454a3daac2c55263c782f.png",
            "username": "yelnorz",
            "discriminator": "0",
            "id": "948842028215722037",
            "access_token": "vfajsUV4LVsHZPjm64ttcAYawJbWiG"
        },
        "data": {
            "login": true
        }
    },
    "1114227585191264297": {
        "user": {
            "avatar": "https://cdn.discordapp.com/avatars/1114227585191264297/e0a06dc34a2658a428a82e3c4829771e.png",
            "username": "1.eq.",
            "discriminator": "0",
            "id": "1114227585191264297",
            "access_token": "oxu12FKGcRgDICyGYNAIKO43SylBMM"
        },
        "data": {
            "login": true
        }
    },
    "1273757166863515759": {
        "user": {
            "avatar": "https://cdn.discordapp.com/avatars/1273757166863515759/a1c19cdb110169d9162ff5a0c7d99bc3.png",
            "username": "thrwazer21",
            "discriminator": "0",
            "id": "1273757166863515759",
            "access_token": "FXyABjW0EcFg4jx2FUMGlYpXO1OjEN"
        },
        "data": {
            "login": true
        }
    },
    "1091698468235522109": {
        "user": {
            "avatar": "https://cdn.discordapp.com/avatars/1091698468235522109/c07ed1d6b720b41d91d7ec6fb1f445b6.png",
            "username": ".onlyzer0",
            "discriminator": "0",
            "id": "1091698468235522109",
            "access_token": "UtyOkkyOSJBPKk61Rd8rjcdiRIyy02"
        },
        "data": {
            "login": true
        }
    },
    "835916525327220746": {
        "user": {
            "avatar": "https://cdn.discordapp.com/avatars/835916525327220746/101c0a9b728fc6bc20965ffdf03f1c18.png",
            "username": "nova_store_bank",
            "discriminator": "0",
            "id": "835916525327220746",
            "access_token": "eFyk8WcpVQuWtubCp6K1eRHcM7TTjo"
        },
        "data": {
            "login": true
        }
    },
    "1290797372686991553": {
        "user": {
            "avatar": "https://cdn.discordapp.com/avatars/1290797372686991553/284d32142fb8592fb03f59aa51dfd766.png",
            "username": "9gg2",
            "discriminator": "0",
            "id": "1290797372686991553",
            "access_token": "f3Jdg5ZyDPeF85cD8yR7FWmxkKK3rG"
        },
        "data": {
            "login": true
        }
    },
    "459639783728218127": {
        "user": {
            "avatar": "https://cdn.discordapp.com/avatars/459639783728218127/a_3f8da0db7299087aff486478614a8646.png",
            "username": "jasminemohamed1",
            "discriminator": "0",
            "id": "459639783728218127",
            "access_token": "Fq7hVInZVfuBvyrYZrfMpuw20qyDPV"
        },
        "data": {
            "login": true
        }
    },
    "1139098189748768818": {
        "user": {
            "avatar": "https://cdn.discordapp.com/avatars/1139098189748768818/2b7bcef86812029a1cf7143916ed6ba1.png",
            "username": "3_kx",
            "discriminator": "0",
            "id": "1139098189748768818",
            "access_token": "ULPaRKOSTA0kR2UaWViodTToEzDCJ4"
        },
        "data": {
            "login": true
        }
    },
    "1023316955073106090": {
        "user": {
            "avatar": "https://cdn.discordapp.com/avatars/1023316955073106090/9e33b1751d17aef236c5d758cc3f75a4.png",
            "username": ".df.g",
            "discriminator": "0",
            "id": "1023316955073106090",
            "access_token": "Fn0MItWvqDzv41JFonlbpEBIJi8pfR"
        },
        "data": {
            "login": true
        }
    },
    "1213843003760840809": {
        "user": {
            "avatar": "https://cdn.discordapp.com/avatars/1213843003760840809/5731276c78d0e1db723c16b98aaabf23.png",
            "username": "390b",
            "discriminator": "0",
            "id": "1213843003760840809",
            "access_token": "nekXhTzZ5W6UVqkavQNMYyagL9rwUx"
        },
        "data": {
            "login": true
        }
    },
    "1247954017859014719": {
        "user": {
            "avatar": "https://cdn.discordapp.com/embed/avatars/0.png",
            "username": "bobooooo2",
            "discriminator": "0",
            "id": "1247954017859014719",
            "access_token": "8mhIBd4kTVQPPDcm3P6mKsgrLBYev4"
        },
        "data": {
            "login": true
        }
    },
    "996842819803164702": {
        "user": {
            "avatar": "https://cdn.discordapp.com/avatars/996842819803164702/3f3e1dcc18157efdaf926d7f6b3659ec.png",
            "username": ".n33",
            "discriminator": "0",
            "id": "996842819803164702",
            "access_token": "Rvp5kRrxS3BFe0yHTEI6URDY5wEfc9"
        },
        "data": {
            "login": true
        }
    },
    "1184010877159100447": {
        "user": {
            "avatar": "https://cdn.discordapp.com/avatars/1184010877159100447/8e12f3b9a8594c7b32c3b460c1c0af39.png",
            "username": "abbis_77",
            "discriminator": "0",
            "id": "1184010877159100447",
            "access_token": "BAMgQFTLsl1PNkrwFODwC6jZWUQmY0"
        },
        "data": {
            "login": true
        }
    },
    "1186725312147501086": {
        "user": {
            "avatar": "https://cdn.discordapp.com/avatars/1186725312147501086/a_c757eccac3bc3f64c26f13120cea4f7f.png",
            "username": "vjn0",
            "discriminator": "0",
            "id": "1186725312147501086",
            "access_token": "RrPxwcQSYZQKPnRxzPGIDaqGLjo1nU"
        },
        "data": {
            "login": true
        }
    },
    "1138524772590948362": {
        "user": {
            "avatar": "https://cdn.discordapp.com/avatars/1138524772590948362/a1a69c2e5f16ba7396eec2e64b421ae3.png",
            "username": "sak9r",
            "discriminator": "0",
            "id": "1138524772590948362",
            "access_token": "yYLjcXQZzBnseZhrDjq7yEsy1gbQHy"
        },
        "data": {
            "login": true
        }
    },
    "1186735909375332376": {
        "user": {
            "avatar": "https://cdn.discordapp.com/avatars/1186735909375332376/a37e585681d8ea435ba2d6667af8ce47.png",
            "username": "1bol",
            "discriminator": "0",
            "id": "1186735909375332376",
            "access_token": "4xjEtqFga39674OPX01nb7eotrrykv"
        },
        "data": {
            "login": true
        }
    },
    "1106875649785860206": {
        "user": {
            "avatar": "https://cdn.discordapp.com/avatars/1106875649785860206/87e53e2588960fe15f31359c071d975c.png",
            "username": "__uae__",
            "discriminator": "0",
            "id": "1106875649785860206",
            "access_token": "i9du6dz8lwtHmdpCMDgC8fZRh4DVpe"
        },
        "data": {
            "login": true
        }
    },
    "1100531990370979920": {
        "user": {
            "avatar": "https://cdn.discordapp.com/avatars/1100531990370979920/172b46656f72722d2f21442f60475e89.png",
            "username": "2_vl",
            "discriminator": "0",
            "id": "1100531990370979920",
            "access_token": "dswFT9kCKTF4pvLLFzXWA1SGFa2oZh"
        },
        "data": {
            "login": true
        }
    },
    "1049122098393653369": {
        "user": {
            "avatar": "https://cdn.discordapp.com/avatars/1049122098393653369/a_b9a074ec1f682108ea771e93a078f014.png",
            "username": "roxil7aj",
            "discriminator": "0",
            "id": "1049122098393653369",
            "access_token": "XbtJ0ASeH6Mnni4PHDlH8WnrRM3Dsh"
        },
        "data": {
            "login": true
        }
    },
    "305132238733967376": {
        "user": {
            "avatar": "https://cdn.discordapp.com/avatars/305132238733967376/0f87c998592e6fef5834cfa1c456f7af.png",
            "username": "td_76",
            "discriminator": "0",
            "id": "305132238733967376",
            "access_token": "FRM7fpjJRvKpOqbxNIXNGWML5yOPne"
        },
        "data": {
            "login": true
        }
    },
    "929894988521812049": {
        "user": {
            "avatar": "https://cdn.discordapp.com/avatars/929894988521812049/fdcf922346dc5147db382829f888e578.png",
            "username": "7ry8",
            "discriminator": "0",
            "id": "929894988521812049",
            "access_token": "FsyeXmnN0kKpBztt7hIELZ3iDbcoR4"
        },
        "data": {
            "login": true
        }
    },
    "943174512608964769": {
        "user": {
            "avatar": "https://cdn.discordapp.com/avatars/943174512608964769/add131317790146022ee6d0c5e010db2.png",
            "username": "8_io",
            "discriminator": "0",
            "id": "943174512608964769",
            "access_token": "SC5wmyqJQhqFhrGCkfm4PSjZt5wVgg"
        },
        "data": {
            "login": true
        }
    },
    "1275613277224964166": {
        "user": {
            "avatar": "https://cdn.discordapp.com/avatars/1275613277224964166/338981f62b0363a0de45c0e101831cfc.png",
            "username": "sox3",
            "discriminator": "0",
            "id": "1275613277224964166",
            "access_token": "xMnsap7MrBfw5k0a8cD3DpMr7JZhin"
        },
        "data": {
            "login": true
        }
    },
    "1238459725717176392": {
        "user": {
            "avatar": "https://cdn.discordapp.com/avatars/1238459725717176392/02dfdfd47b78e5ccb189bdf6cc46ccc5.png",
            "username": "yuhan2_",
            "discriminator": "0",
            "id": "1238459725717176392",
            "access_token": "X4eBihOYR59vG31DgTZLOZjymjZEHW"
        },
        "data": {
            "login": true
        }
    },
    "1140944827064778762": {
        "user": {
            "avatar": "https://cdn.discordapp.com/avatars/1140944827064778762/dd91f96692faa6a627a20edddc6ef632.png",
            "username": "oldmoonx",
            "discriminator": "0",
            "id": "1140944827064778762",
            "access_token": "oroRdTQBGFh9Kl0f1Ev1H1G2kMoy2e"
        },
        "data": {
            "login": true
        }
    },
    "644589930428760074": {
        "user": {
            "avatar": "https://cdn.discordapp.com/avatars/644589930428760074/fea6cd3225be95af58102f93c75470f6.png",
            "username": "farixz.",
            "discriminator": "0",
            "id": "644589930428760074",
            "access_token": "ZHEVj4Bgt8wZLQctY4w6DCoNsnxjsL"
        },
        "data": {
            "login": true
        }
    },
    "1244429073753571362": {
        "user": {
            "avatar": "https://cdn.discordapp.com/avatars/1244429073753571362/581cb9a35680c0691281a232ceb04cdd.png",
            "username": "kero_planes",
            "discriminator": "0",
            "id": "1244429073753571362",
            "access_token": "3JNAD2KQM6CN7N2P2rEnb8OympAmFM"
        },
        "data": {
            "login": true
        }
    },
    "557696183884054538": {
        "user": {
            "avatar": "https://cdn.discordapp.com/avatars/557696183884054538/13617747c3e4d4fdb94fa24134abec32.png",
            "username": "holly_exe",
            "discriminator": "0",
            "id": "557696183884054538",
            "access_token": "qBI77kmr7DYBNq5WAoncM6RdekzKmM"
        },
        "data": {
            "login": true
        }
    },
    "1264172298340925493": {
        "user": {
            "avatar": "https://cdn.discordapp.com/avatars/1264172298340925493/9eaa0257c6eeca58f2956a6afd04a237.png",
            "username": "hiro1ch",
            "discriminator": "0",
            "id": "1264172298340925493",
            "access_token": "kJRdmyUgzNLjdloqlycZV9cvMwRG7B"
        },
        "data": {
            "login": true
        }
    },
    "1057021481403555951": {
        "user": {
            "avatar": "https://cdn.discordapp.com/avatars/1057021481403555951/cd7464837f9b1face6d83d798cdc1775.png",
            "username": "8_ra",
            "discriminator": "0",
            "id": "1057021481403555951",
            "access_token": "TrzhY3t3dCx3NUNFxihELyRywSHAwu"
        },
        "data": {
            "login": true
        }
    },
    "1253052418829058081": {
        "user": {
            "avatar": "https://cdn.discordapp.com/avatars/1253052418829058081/fa458583ab9fae36de0b609657045bdf.png",
            "username": "g_h1.",
            "discriminator": "0",
            "id": "1253052418829058081",
            "access_token": "5oTRBtdpRVaFLas2qbB9jYtmGeIAqh"
        },
        "data": {
            "login": true
        }
    },
    "926991090865803307": {
        "user": {
            "avatar": "https://cdn.discordapp.com/embed/avatars/0.png",
            "username": "qwd0",
            "discriminator": "0",
            "id": "926991090865803307",
            "access_token": "PS7geOXWPPWcZJ3PtpYbUP2bnhFWTu"
        },
        "data": {
            "login": true
        }
    },
    "885262405632917504": {
        "user": {
            "avatar": "https://cdn.discordapp.com/avatars/885262405632917504/312c200ff4e45b2c89a25dc88325b0a6.png",
            "username": "h.0_",
            "discriminator": "0",
            "id": "885262405632917504",
            "access_token": "hYEDUtbbgk6x6j7l7wVPSuS6OdpOix"
        },
        "data": {
            "login": true
        }
    },
    "1055762629802598460": {
        "user": {
            "avatar": "https://cdn.discordapp.com/avatars/1055762629802598460/4b99bcfcf611ddc5e7ff43700746fe5a.png",
            "username": "d3smk",
            "discriminator": "0",
            "id": "1055762629802598460",
            "access_token": "7a5i0DIxAMdZmNRIE2iMZPdy40YCN1"
        },
        "data": {
            "login": true
        }
    },
    "1193223888159641702": {
        "user": {
            "avatar": "https://cdn.discordapp.com/avatars/1193223888159641702/212d4130a514f5aece34db9ee69f2c2b.png",
            "username": "_dw6",
            "discriminator": "0",
            "id": "1193223888159641702",
            "access_token": "zyhQospy1leDmC6neWmxNPN2MqJmw7"
        },
        "data": {
            "login": true
        }
    },
    "1187838834541613232": {
        "user": {
            "avatar": "https://cdn.discordapp.com/avatars/1187838834541613232/3f309030d5493aef3b5586680d679f96.png",
            "username": "qurandhayahalwqiei",
            "discriminator": "0",
            "id": "1187838834541613232",
            "access_token": "1s32BxBN5w23RHcGelemb2kGQJAitC"
        },
        "data": {
            "login": true
        }
    },
    "1095969881805041736": {
        "user": {
            "avatar": "https://cdn.discordapp.com/avatars/1095969881805041736/9bacb65cd2674313b77c0b904e3f0247.png",
            "username": "lolakec712",
            "discriminator": "0",
            "id": "1095969881805041736",
            "access_token": "ZGK2qvV9u8iKZMUpi8VcpDMaH70Phl"
        },
        "data": {
            "login": true
        }
    },
    "989339810827206686": {
        "user": {
            "avatar": "https://cdn.discordapp.com/avatars/989339810827206686/b05a0e668d98fd2ae082b644fed7cbc1.png",
            "username": "gamemym",
            "discriminator": "0",
            "id": "989339810827206686",
            "access_token": "WyMQs3ZCF8rT3qn1Ao02jXsExLylKt"
        },
        "data": {
            "login": true
        }
    },
    "1151447038362390619": {
        "user": {
            "avatar": "https://cdn.discordapp.com/avatars/1151447038362390619/fc2507c751e23b536bbf698912a2e8b3.png",
            "username": "night_ao0u",
            "discriminator": "0",
            "id": "1151447038362390619",
            "access_token": "MMRixqKgCTP5qQdbTXx9ENVt2v1Zq3"
        },
        "data": {
            "login": true
        }
    },
    "618474747826798593": {
        "user": {
            "avatar": "https://cdn.discordapp.com/avatars/618474747826798593/0a5ae845f5595413c7c7de728f79bb7c.png",
            "username": ".wo5",
            "discriminator": "0",
            "id": "618474747826798593",
            "access_token": "PZbzLHzWtUxvEe0SsVzYVVN8jNLmKL"
        },
        "data": {
            "login": true
        }
    },
    "1245064791651913851": {
        "user": {
            "avatar": "https://cdn.discordapp.com/avatars/1245064791651913851/0a5ae845f5595413c7c7de728f79bb7c.png",
            "username": "helloworld21rr",
            "discriminator": "0",
            "id": "1245064791651913851",
            "access_token": "PZ6kDcal6vA9AJcfjLVZeuq2aqBtqV"
        },
        "data": {
            "login": true
        }
    },
    "759862174704992279": {
        "user": {
            "avatar": "https://cdn.discordapp.com/avatars/759862174704992279/0c723958bf892f351ef84c9e3bc8ceae.png",
            "username": "1behroz",
            "discriminator": "0",
            "id": "759862174704992279",
            "access_token": "Sz7Niuv6akuBjEYR7keMxnWoVn0M1J"
        },
        "data": {
            "login": true
        }
    },
    "1066752349676253184": {
        "user": {
            "avatar": "https://cdn.discordapp.com/avatars/1066752349676253184/820ab121b87ebd65730f97a2066a37a3.png",
            "username": "_59k",
            "discriminator": "0",
            "id": "1066752349676253184",
            "access_token": "d4L5J1jgppSyWS6Y5vnWw0Busy4I7a"
        },
        "data": {
            "login": true
        }
    },
    "1146702237947674695": {
        "user": {
            "avatar": "https://cdn.discordapp.com/avatars/1146702237947674695/bb39cc337e49bc5d4771da860098b567.png",
            "username": "elyas123_123",
            "discriminator": "0",
            "id": "1146702237947674695",
            "access_token": "ZP4KoDi3QiQJN3KLZ6QqOy8Q6LLNZk"
        },
        "data": {
            "login": true
        }
    },
    "685180594648645651": {
        "user": {
            "avatar": "https://cdn.discordapp.com/avatars/685180594648645651/ef4e4926b3663d23d5ff42f5b45ffad3.png",
            "username": "w.ol",
            "discriminator": "0",
            "id": "685180594648645651",
            "access_token": "cGKtz34bQFUhtXrnwjpIVRli9Ycheu"
        },
        "data": {
            "login": true
        }
    },
    "788955145974448128": {
        "user": {
            "avatar": "https://cdn.discordapp.com/avatars/788955145974448128/a_977b0341d2db823c39747258a3457fdd.png",
            "username": "devil_tn1",
            "discriminator": "0",
            "id": "788955145974448128",
            "access_token": "iUnJHKuxRsGJt35KIhXsC8sa8NGZAk"
        },
        "data": {
            "login": true
        }
    },
    "1063137249849520128": {
        "user": {
            "avatar": "https://cdn.discordapp.com/avatars/1063137249849520128/a_109cd4beabca732de822ec09a393cd46.png",
            "username": "i_jv",
            "discriminator": "0",
            "id": "1063137249849520128",
            "access_token": "TPLk02Ggfo3H959dSw9Dhb0YDdf4BX"
        },
        "data": {
            "login": true
        }
    },
    "1255028171380752422": {
        "user": {
            "avatar": "https://cdn.discordapp.com/avatars/1255028171380752422/a_3df489c2c1f7087f3001d34e3731422c.png",
            "username": ".sn.l.",
            "discriminator": "0",
            "id": "1255028171380752422",
            "access_token": "rMC94f4RH4IGug0Nmc3xHNmCw2RDaR"
        },
        "data": {
            "login": true
        }
    },
    "1048950225437462611": {
        "user": {
            "avatar": "https://cdn.discordapp.com/avatars/1048950225437462611/4ec7f58beb982a933ed00004b92c5ff1.png",
            "username": "gd.u",
            "discriminator": "0",
            "id": "1048950225437462611",
            "access_token": "GIio1wGuwiHWklGlf0eBP6MoYAuqKO"
        },
        "data": {
            "login": true
        }
    },
    "1102674771696685217": {
        "user": {
            "avatar": "https://cdn.discordapp.com/avatars/1102674771696685217/31f69695fc04a3a9d87b4f9698ab6d03.png",
            "username": "jingxo3",
            "discriminator": "0",
            "id": "1102674771696685217",
            "access_token": "eYjtO9cT1jSW8MG6QLBEvxcCuQo5kJ"
        },
        "data": {
            "login": true
        }
    },
    "1188561532750143519": {
        "user": {
            "avatar": "https://cdn.discordapp.com/avatars/1188561532750143519/a7fd92475c6700f97f5bf0277da118e3.png",
            "username": "hmeed0717",
            "discriminator": "0",
            "id": "1188561532750143519",
            "access_token": "YPukYmfmvGFmje3R6AK4x5iK2GW1YM"
        },
        "data": {
            "login": true
        }
    },
    "365983591752269824": {
        "user": {
            "avatar": "https://cdn.discordapp.com/avatars/365983591752269824/37eacb3f03e13d3d12129b0c705df6c7.png",
            "username": "9j.o",
            "discriminator": "0",
            "id": "365983591752269824",
            "access_token": "OLyS4g7nlfaXEvFY8lx8i3On4uXyDg"
        },
        "data": {
            "login": true
        }
    },
    "1140985226038878272": {
        "user": {
            "avatar": "https://cdn.discordapp.com/avatars/1140985226038878272/94b34ed922fe3db8220dc304263ca56b.png",
            "username": "mohamad0966_75659",
            "discriminator": "0",
            "id": "1140985226038878272",
            "access_token": "CzQ0BfjOUN3qQEEx2t9rNS0hWc98Kq"
        },
        "data": {
            "login": true
        }
    },
    "812256969720332288": {
        "user": {
            "avatar": "https://cdn.discordapp.com/avatars/812256969720332288/17379ae081fd479b865992fbc7a1437e.png",
            "username": "midomm",
            "discriminator": "0",
            "id": "812256969720332288",
            "access_token": "qqVkcKzGsRw8nDchHTKAzFIVpnBood"
        },
        "data": {
            "login": true
        }
    },
    "569893348014555149": {
        "user": {
            "avatar": "https://cdn.discordapp.com/avatars/569893348014555149/51899f95027486d87d277e61318efe29.png",
            "username": "yr7g_1",
            "discriminator": "0",
            "id": "569893348014555149",
            "access_token": "olxUZsmMI94VxbK2PJB84PaVWboVnb"
        },
        "data": {
            "login": true
        }
    },
    "1043221621986574346": {
        "user": {
            "avatar": "https://cdn.discordapp.com/avatars/1043221621986574346/eeed8ac2744da14e8f9205983183f438.png",
            "username": "f7l",
            "discriminator": "0",
            "id": "1043221621986574346",
            "access_token": "uRC3gLCeKMA8pBHo6iRgAOfsYgSDmx"
        },
        "data": {
            "login": true
        }
    },
    "1255986683011272816": {
        "user": {
            "avatar": "https://cdn.discordapp.com/embed/avatars/0.png",
            "username": "njbpro0909",
            "discriminator": "0",
            "id": "1255986683011272816",
            "access_token": "rdjTtbzR581EfZfXZhYJxFQ6fw0tdH"
        },
        "data": {
            "login": true
        }
    },
    "704467522933620783": {
        "user": {
            "avatar": "https://cdn.discordapp.com/avatars/704467522933620783/c3e538c2e3a7c80ab4bb39a535b31149.png",
            "username": "exmosive",
            "discriminator": "0",
            "id": "704467522933620783",
            "access_token": "18fqOpRodJu0AytUhNKbsbGhlZtSXK"
        },
        "data": {
            "login": true
        }
    },
    "1303054116767006781": {
        "user": {
            "avatar": "https://cdn.discordapp.com/embed/avatars/0.png",
            "username": "212aaaa",
            "discriminator": "0",
            "id": "1303054116767006781",
            "access_token": "DkPTPcep3pp5rXd14peR6UDQ3VR1M6"
        },
        "data": {
            "login": true
        }
    },
    "1240371575048638475": {
        "user": {
            "avatar": "https://cdn.discordapp.com/embed/avatars/0.png",
            "username": "mohannad057573",
            "discriminator": "0",
            "id": "1240371575048638475",
            "access_token": "oynPj0Kfl9IFvTB71gK1vO1lJII7wD"
        },
        "data": {
            "login": true
        }
    },
    "984888306674319431": {
        "user": {
            "avatar": "https://cdn.discordapp.com/avatars/984888306674319431/1c3abaddf9f6d38eea4719c0ea57934d.png",
            "username": "itsredfoxjr",
            "discriminator": "0",
            "id": "984888306674319431",
            "access_token": "nhjy4EFsGEYs3a6QUOx8L5WXGtVwio"
        },
        "data": {
            "login": true
        }
    },
    "1255250358826176565": {
        "user": {
            "avatar": "https://cdn.discordapp.com/avatars/1255250358826176565/a_ffd553777d6f28dcbd7e210d1120c064.png",
            "username": "111_111_k",
            "discriminator": "0",
            "id": "1255250358826176565",
            "access_token": "OuvNSo9dnaap31ucFN7UZ5G0XIEJQI"
        },
        "data": {
            "login": true
        }
    },
    "1148630682508206162": {
        "user": {
            "avatar": "https://cdn.discordapp.com/avatars/1148630682508206162/79fc9ca1fe39961e5a1c422482c01412.png",
            "username": "en_zo1",
            "discriminator": "0",
            "id": "1148630682508206162",
            "access_token": "HpGoQEWeKcNMlPurDTtSgbYtkk7Dt6"
        },
        "data": {
            "login": true
        }
    },
    "1025841946322800701": {
        "user": {
            "avatar": "https://cdn.discordapp.com/avatars/1025841946322800701/4818209b40768ead89104cd7aea5b750.png",
            "username": "7_xn",
            "discriminator": "0",
            "id": "1025841946322800701",
            "access_token": "d8E7r3Y4TNmxrqYtjfyttPYdL5uJiD"
        },
        "data": {
            "login": true
        }
    },
    "1199365873140498535": {
        "user": {
            "avatar": "https://cdn.discordapp.com/avatars/1199365873140498535/a649b2c540c80903702548063a43afea.png",
            "username": "pemod2",
            "discriminator": "0",
            "id": "1199365873140498535",
            "access_token": "k73XMiZdGv8FKeENeM4bAZTOb5EyoH"
        },
        "data": {
            "login": true
        }
    },
    "1277617475277553679": {
        "user": {
            "avatar": "https://cdn.discordapp.com/avatars/1277617475277553679/b25b1daa632139a1038f10fcf9ef3e74.png",
            "username": "ahmed.5d",
            "discriminator": "0",
            "id": "1277617475277553679",
            "access_token": "QJ34NhX2X7bfiLqgw904Cxowd3i6Tk"
        },
        "data": {
            "login": true
        }
    },
    "1283964429066698774": {
        "user": {
            "avatar": "https://cdn.discordapp.com/avatars/1283964429066698774/ab8c24d6d9e840bcb2f3b7f747122ca0.png",
            "username": "sara2240107",
            "discriminator": "0",
            "id": "1283964429066698774",
            "access_token": "ydZbkG0XiPHe7XVBLuFtk7dGuk7QR1"
        },
        "data": {
            "login": true
        }
    },
    "766667777557004308": {
        "user": {
            "avatar": "https://cdn.discordapp.com/avatars/766667777557004308/d97dd10b7492dedfb3c5d573520f76c8.png",
            "username": "wail_ghedjati",
            "discriminator": "0",
            "id": "766667777557004308",
            "access_token": "dzy4l6azOqAoettscHLPaUsnmASMGw"
        },
        "data": {
            "login": true
        }
    },
    "1199776728449556683": {
        "user": {
            "avatar": "https://cdn.discordapp.com/avatars/1199776728449556683/f86c3348c95efe65b8d261fd87840f01.png",
            "username": "c1r7.",
            "discriminator": "0",
            "id": "1199776728449556683",
            "access_token": "JrKsEOpEMM33TdLuXTrkZQaXt0S2dt"
        },
        "data": {
            "login": true
        }
    },
    "857684915822657598": {
        "user": {
            "avatar": "https://cdn.discordapp.com/avatars/857684915822657598/a_400cbd0ee4101ea6860844add41b4c8d.png",
            "username": "k_ft",
            "discriminator": "0",
            "id": "857684915822657598",
            "access_token": "fSMshzcwou1LaX7hZyqRFSKLnvxztM"
        },
        "data": {
            "login": true
        }
    },
    "671502076332867584": {
        "user": {
            "avatar": "https://cdn.discordapp.com/embed/avatars/0.png",
            "username": "8rs.0",
            "discriminator": "0",
            "id": "671502076332867584",
            "access_token": "cPp9PDAK6b31Db85Uxj0Q7IOJ3lgGp"
        },
        "data": {
            "login": true
        }
    },
    "1154821929912512673": {
        "user": {
            "avatar": "https://cdn.discordapp.com/avatars/1154821929912512673/73c6ed3ae590b912d0cb20ca67c06ede.png",
            "username": "rb_ar",
            "discriminator": "0",
            "id": "1154821929912512673",
            "access_token": "RpbZ4pWt9NBbTTXtUM85fEtL27k7Dl"
        },
        "data": {
            "login": true
        }
    },
    "550372403109429248": {
        "user": {
            "avatar": "https://cdn.discordapp.com/avatars/550372403109429248/fb1d6c90118f29bf38d793360d016fe1.png",
            "username": "a_liw",
            "discriminator": "0",
            "id": "550372403109429248",
            "access_token": "8Uau8vKJrGjmomg5KbSrQgIRXFzNXK"
        },
        "data": {
            "login": true
        }
    }
}