{
    "TicketID": 10,
    "PurchasesID": 56,
    "NodeID": 1,
    "1 رقم الخطةID": 7,
    "2 رقم الخطةID": 3,
    "FeedbackID": 2,
    "PackageID": 8,
    "AutolineID": 6,
    "SuggestionID": 4,
    "ApplyID": 6,
    "بروجكت ميكرID": 31,
    "SystemID": 7,
    "Bot MakerID": 2,
    "TaxID": 3,
    "ShopID": 7,
    "زوبري في طيز انا قطه عوID": 32,
    "<a href=\"https://discord.gg/almasa\">زوبري في طيز انا قطه عو</a>ID": 2,
    "https://discord.gg/almasaID": 40,
    "3 رقم الخطةID": 36,
    "https://discord.gg/almasa @everyone @everyone @everyone @everyoneID": 39,
    "MakerID": 57,
    "SelfroleID": 2,
    "CreditID": 3
}